Item,Serving Size,Total Fat,Carbohydrates,Protein,Sugar,Fiber,Sodium,Cholesterol,Calories,Saturated Fat,Trans Fat,Carbs Metric,Cholesterol Metric,Fat Metric,Sodium Metric,Protein Metric
*Create your own 1-2 Topping Large Ultimate Cheesy Crust Slice (Limited Time),119.2,16.0,33.0,18.0,2.0,3.0,530.0,40.0,330.0,9.0,1.5,0.6666666666666667,0.8080808080808082,1.2593467138921683,1.3383838383838385,0.36363636363636365
*Create your own 3+ Topping Large Ultimate Cheesy Crust Slice (Limited Time),119.2,16.0,33.0,18.0,2.0,3.0,530.0,40.0,330.0,9.0,1.5,0.6666666666666667,0.8080808080808082,1.2593467138921683,1.3383838383838385,0.36363636363636365
Backyard BBQ Chicken - Large Ultimate Cheesy Crust Slice (Limited Time),148.8,16.0,39.0,19.0,6.0,2.0,670.0,45.0,380.0,8.0,0.0,0.6842105263157895,0.7894736842105263,1.0936431989063569,1.469298245614035,0.33333333333333337
Buffalo Chicken - Large Ultimate Cheesy Crust Slice (Limited Time),148.2,15.0,37.0,19.0,2.0,2.0,850.0,45.0,360.0,8.0,0.0,0.6851851851851852,0.8333333333333334,1.0822510822510822,1.9675925925925928,0.35185185185185186
Cheese - Large Ultimate Cheesy Crust Slice (Limited Time),142.2,17.0,35.0,20.0,2.0,3.0,660.0,45.0,360.0,10.0,1.5,0.6481481481481481,0.8333333333333334,1.2265512265512266,1.5277777777777777,0.37037037037037035
Chicken-Bacon Parmesan - Large Ultimate Cheesy Crust Slice (Limited Time),153.5,19.0,34.0,22.0,2.0,3.0,680.0,50.0,380.0,10.0,1.5,0.5964912280701755,0.8771929824561403,1.2987012987012987,1.4912280701754386,0.3859649122807018
Hawaiian Chicken - Large Ultimate Cheesy Crust Slice (Limited Time),160.5,16.0,36.0,21.0,4.0,3.0,720.0,45.0,360.0,9.0,1.5,0.6666666666666667,0.8333333333333334,1.1544011544011545,1.6666666666666667,0.3888888888888889
Meat Lover's® - Large Ultimate Cheesy Crust Slice (Limited Time),163.5,25.0,35.0,23.0,2.0,3.0,900.0,60.0,440.0,12.0,1.5,0.5303030303030303,0.9090909090909091,1.4757969303423848,1.7045454545454546,0.34848484848484845
Pepperoni - Large Ultimate Cheesy Crust Slice (Limited Time),141.4,20.0,35.0,20.0,2.0,3.0,710.0,50.0,380.0,10.0,1.5,0.6140350877192983,0.8771929824561403,1.367053998632946,1.5570175438596492,0.3508771929824561
Pepperoni Lover's® - Large Ultimate Cheesy Crust Slice (Limited Time),156.2,24.0,35.0,23.0,3.0,3.0,820.0,60.0,430.0,12.0,1.5,0.5426356589147288,0.9302325581395349,1.4497130776200544,1.5891472868217056,0.35658914728682173
Supreme - Large Ultimate Cheesy Crust Slice (Limited Time),163.9,20.0,36.0,20.0,3.0,3.0,730.0,50.0,390.0,11.0,1.5,0.6153846153846154,0.8547008547008547,1.332001332001332,1.5598290598290598,0.3418803418803419
Ultimate Cheese Lover's® - Large Ultimate Cheesy Crust Slice (Limited Time),142.0,18.0,33.0,20.0,1.0,2.0,660.0,50.0,380.0,10.0,0.5,0.5789473684210527,0.8771929824561403,1.2303485987696514,1.4473684210526316,0.3508771929824561
Veggie Lover's® - Large Ultimate Cheesy Crust Slice (Limited Time),165.1,16.0,36.0,18.0,3.0,4.0,650.0,40.0,350.0,9.0,1.5,0.6857142857142857,0.7619047619047619,1.1873840445269017,1.5476190476190477,0.34285714285714286
Backyard BBQ Chicken - Personal Pan Pizza® Slice,78.5,6.0,25.0,8.0,8.0,1.0,370.0,15.0,180.0,2.0,0.0,0.925925925925926,0.5555555555555556,0.8658008658008658,1.7129629629629628,0.29629629629629634
Buffalo Chicken - Personal Pan Pizza® Slice,77.3,5.0,22.0,7.0,2.0,1.0,570.0,15.0,160.0,2.0,0.0,0.9166666666666667,0.625,0.8116883116883117,2.96875,0.2916666666666667
Chicken-Bacon Parmesan - Personal Pan Pizza® Slice,77.4,8.0,17.0,9.0,2.0,1.0,350.0,20.0,180.0,3.0,0.0,0.6296296296296297,0.7407407407407407,1.1544011544011545,1.6203703703703705,0.33333333333333337
Hawaiian Chicken - Personal Pan Pizza® Slice,76.7,5.0,18.0,8.0,3.0,1.0,340.0,15.0,150.0,2.0,0.0,0.8,0.6666666666666667,0.8658008658008658,1.8888888888888888,0.35555555555555557
Meat Lover's® - Personal Pan Pizza® Slice,82.4,12.0,17.0,9.0,2.0,1.0,470.0,25.0,210.0,4.5,0.0,0.5396825396825398,0.7936507936507936,1.484230055658627,1.8650793650793651,0.28571428571428575
Pepperoni Lover's® - Personal Pan Pizza® Slice,72.0,9.0,17.0,8.0,2.0,1.0,370.0,20.0,180.0,3.5,0.0,0.6296296296296297,0.7407407407407407,1.2987012987012987,1.7129629629629628,0.29629629629629634
Supreme - Personal Pan Pizza® Slice,77.7,8.0,18.0,7.0,2.0,1.0,360.0,15.0,170.0,3.0,0.0,0.7058823529411765,0.5882352941176471,1.2223071046600458,1.7647058823529413,0.27450980392156865
Veggie Lover's® - Personal Pan Pizza® Slice,73.8,5.0,18.0,6.0,2.0,1.0,290.0,10.0,140.0,2.0,0.0,0.8571428571428571,0.47619047619047616,0.9276437847866419,1.7261904761904765,0.28571428571428575
Hawaiian Chicken - Small Original Pan™ Slice,70.4,5.0,16.0,7.0,2.0,1.0,310.0,15.0,140.0,2.0,0.0,0.7619047619047619,0.7142857142857143,0.9276437847866419,1.8452380952380953,0.33333333333333337
Meat Lover's® - Small Original Pan™ Slice,73.2,10.0,16.0,8.0,2.0,1.0,410.0,20.0,190.0,3.5,0.0,0.5614035087719298,0.7017543859649122,1.367053998632946,1.7982456140350878,0.2807017543859649
Supreme - Small Original Pan™ Slice,71.5,7.0,16.0,6.0,2.0,1.0,320.0,15.0,160.0,2.5,0.0,0.6666666666666667,0.625,1.1363636363636362,1.6666666666666667,0.25
Veggie Lover's® - Small Original Pan™ Slice,70.5,5.0,16.0,5.0,2.0,1.0,270.0,10.0,130.0,2.0,0.0,0.8205128205128206,0.5128205128205129,0.999000999000999,1.730769230769231,0.25641025641025644
Meat Lover's® - Small Hand Tossed Slice,71.9,9.0,17.0,7.0,1.0,1.0,380.0,20.0,180.0,3.5,0.0,0.6296296296296297,0.7407407407407407,1.2987012987012987,1.7592592592592593,0.2592592592592593
Supreme - Small Hand Tossed Slice,70.2,6.0,17.0,6.0,1.0,1.0,280.0,15.0,150.0,2.5,0.0,0.7555555555555555,0.6666666666666667,1.0389610389610389,1.5555555555555556,0.26666666666666666
Backyard BBQ Chicken - Medium Original Pan™ Slice,109.3,10.0,33.0,11.0,6.0,2.0,450.0,25.0,270.0,4.0,0.0,0.8148148148148148,0.6172839506172839,0.962000962000962,1.388888888888889,0.271604938271605
Buffalo Chicken - Medium Original Pan™ Slice,111.9,9.0,31.0,11.0,2.0,2.0,680.0,20.0,240.0,3.5,0.0,0.8611111111111113,0.5555555555555556,0.974025974025974,2.361111111111111,0.3055555555555555
Cheese - Medium Original Pan™ Slice,105.7,10.0,28.0,11.0,1.0,2.0,450.0,25.0,250.0,4.5,0.0,0.7466666666666667,0.6666666666666667,1.0389610389610389,1.5,0.29333333333333333
Chicken-Bacon Parmesan - Medium Original Pan™ Slice,114.6,13.0,27.0,12.0,1.0,2.0,470.0,30.0,270.0,4.5,0.0,0.6666666666666667,0.7407407407407407,1.2506012506012505,1.4506172839506173,0.29629629629629634
Hawaiian Chicken - Medium Original Pan™ Slice,118.6,9.0,29.0,11.0,2.0,2.0,490.0,25.0,240.0,3.5,0.0,0.8055555555555556,0.6944444444444445,0.974025974025974,1.7013888888888888,0.3055555555555555
Meat Lover's® - Medium Original Pan™ Slice,123.2,17.0,28.0,13.0,1.0,2.0,660.0,35.0,320.0,6.0,0.0,0.5833333333333334,0.7291666666666667,1.37987012987013,1.71875,0.27083333333333337
Pepperoni - Medium Original Pan™ Slice,101.3,11.0,28.0,10.0,1.0,2.0,470.0,25.0,250.0,4.5,0.0,0.7466666666666667,0.6666666666666667,1.1428571428571428,1.5666666666666667,0.26666666666666666
Pepperoni Lover's® - Medium Original Pan™ Slice,116.6,15.0,28.0,13.0,1.0,2.0,580.0,35.0,300.0,6.0,0.0,0.6222222222222222,0.7777777777777778,1.2987012987012987,1.6111111111111112,0.2888888888888889
Supreme - Medium Original Pan™ Slice,121.1,13.0,29.0,11.0,2.0,2.0,500.0,25.0,270.0,5.0,0.0,0.7160493827160495,0.6172839506172839,1.2506012506012505,1.5432098765432098,0.271604938271605
Ultimate Cheese Lover's® - Medium Original Pan™ Slice,106.6,13.0,27.0,12.0,1.0,2.0,470.0,25.0,270.0,5.0,0.0,0.6666666666666667,0.6172839506172839,1.2506012506012505,1.4506172839506173,0.29629629629629634
Veggie Lover's® - Medium Original Pan™ Slice,120.3,9.0,29.0,9.0,2.0,2.0,420.0,15.0,230.0,3.5,0.0,0.8405797101449275,0.43478260869565216,1.0163749294184077,1.5217391304347825,0.26086956521739135
Backyard BBQ Chicken - Medium Hand Tossed Slice,97.8,7.0,31.0,10.0,6.0,2.0,390.0,20.0,220.0,3.0,0.0,0.9393939393939393,0.6060606060606061,0.8264462809917354,1.4772727272727273,0.30303030303030304
Buffalo Chicken - Medium Hand Tossed Slice,97.1,5.0,28.0,9.0,1.0,2.0,560.0,20.0,200.0,2.5,0.0,0.9333333333333335,0.6666666666666667,0.6493506493506493,2.3333333333333335,0.3
Cheese - Medium Hand Tossed Slice,93.6,8.0,26.0,10.0,1.0,2.0,390.0,20.0,210.0,3.5,0.0,0.8253968253968255,0.6349206349206349,0.9894867037724181,1.5476190476190477,0.31746031746031744
Chicken-Bacon Parmesan - Medium Hand Tossed Slice,103.3,9.0,25.0,11.0,1.0,2.0,410.0,25.0,230.0,4.0,0.0,0.7246376811594203,0.7246376811594203,1.0163749294184077,1.4855072463768115,0.31884057971014496
Hawaiian Chicken - Medium Hand Tossed Slice,108.9,6.0,27.0,10.0,2.0,2.0,440.0,20.0,200.0,3.0,0.0,0.9000000000000001,0.6666666666666667,0.7792207792207791,1.8333333333333335,0.33333333333333337
Meat Lover's® - Medium Hand Tossed Slice,113.2,15.0,26.0,12.0,1.0,2.0,610.0,35.0,280.0,6.0,0.0,0.6190476190476191,0.8333333333333334,1.3914656771799627,1.8154761904761905,0.28571428571428575
Pepperoni - Medium Hand Tossed Slice,91.5,9.0,25.0,9.0,1.0,2.0,420.0,20.0,220.0,4.0,0.0,0.7575757575757576,0.6060606060606061,1.062573789846517,1.590909090909091,0.27272727272727276
Pepperoni Lover's® - Medium Hand Tossed Slice,105.5,13.0,26.0,12.0,1.0,2.0,530.0,35.0,270.0,6.0,0.0,0.6419753086419754,0.8641975308641975,1.2506012506012505,1.6358024691358026,0.29629629629629634
Supreme - Medium Hand Tossed Slice,111.7,10.0,26.0,10.0,2.0,2.0,450.0,25.0,240.0,4.5,0.0,0.7222222222222223,0.6944444444444445,1.0822510822510822,1.5625,0.2777777777777778
Ultimate Cheese Lover's® - Medium Hand Tossed Slice,93.4,10.0,25.0,11.0,1.0,2.0,390.0,25.0,230.0,4.5,0.0,0.7246376811594203,0.7246376811594203,1.129305477131564,1.4130434782608696,0.31884057971014496
Veggie Lover's® - Medium Hand Tossed Slice,111.3,6.0,27.0,8.0,2.0,2.0,370.0,15.0,200.0,2.5,0.0,0.9000000000000001,0.5,0.7792207792207791,1.5416666666666667,0.26666666666666666
Backyard BBQ Chicken - Medium Thin 'N Crispy® Slice,88.1,7.0,27.0,10.0,7.0,1.0,440.0,25.0,210.0,3.0,0.0,0.8571428571428571,0.7936507936507936,0.8658008658008658,1.7460317460317463,0.31746031746031744
Buffalo Chicken - Medium Thin 'N Crispy® Slice,88.3,5.0,25.0,9.0,3.0,1.0,620.0,20.0,190.0,3.0,0.0,0.8771929824561403,0.7017543859649122,0.683526999316473,2.719298245614035,0.31578947368421056
Cheese - Medium Thin 'N Crispy® Slice,82.8,7.0,22.0,10.0,3.0,2.0,440.0,25.0,190.0,4.0,0.0,0.7719298245614036,0.8771929824561403,0.9569377990430621,1.929824561403509,0.3508771929824561
Chicken-Bacon Parmesan - Medium Thin 'N Crispy® Slice,94.4,9.0,21.0,11.0,3.0,1.0,460.0,30.0,210.0,4.0,0.0,0.6666666666666667,0.9523809523809523,1.1131725417439704,1.8253968253968256,0.34920634920634924
Hawaiian Chicken - Medium Thin 'N Crispy® Slice,100.3,6.0,24.0,10.0,4.0,2.0,480.0,25.0,180.0,3.0,0.0,0.888888888888889,0.925925925925926,0.8658008658008658,2.2222222222222223,0.37037037037037035
Meat Lover's® - Medium Thin 'N Crispy® Slice,100.9,14.0,22.0,12.0,3.0,2.0,650.0,35.0,260.0,6.0,0.0,0.5641025641025642,0.8974358974358975,1.3986013986013988,2.0833333333333335,0.3076923076923077
Pepperoni - Medium Thin 'N Crispy® Slice,80.8,9.0,22.0,9.0,3.0,2.0,480.0,25.0,210.0,4.0,0.0,0.6984126984126985,0.7936507936507936,1.1131725417439704,1.9047619047619047,0.28571428571428575
Pepperoni Lover's® - Medium Thin 'N Crispy®; Slice,96.3,13.0,22.0,12.0,3.0,2.0,600.0,40.0,260.0,6.0,0.0,0.5641025641025642,1.0256410256410258,1.2987012987012987,1.923076923076923,0.3076923076923077
Supreme - Medium Thin 'N Crispy® Slice,104.5,10.0,23.0,10.0,3.0,2.0,490.0,25.0,220.0,4.5,0.0,0.6969696969696969,0.7575757575757576,1.1806375442739079,1.856060606060606,0.30303030303030304
Ultimate Cheese Lover's® - Medium Thin 'N Crispy® Slice,83.7,10.0,22.0,11.0,3.0,1.0,450.0,25.0,220.0,5.0,0.0,0.6666666666666667,0.7575757575757576,1.1806375442739079,1.7045454545454546,0.33333333333333337
Veggie Lover's® - Medium Thin 'N Crispy® Slice,108.1,6.0,24.0,8.0,4.0,2.0,420.0,15.0,180.0,3.0,0.0,0.888888888888889,0.5555555555555556,0.8658008658008658,1.9444444444444446,0.29629629629629634
Backyard BBQ Chicken - Large Original Pan™ Slice,150.3,16.0,43.0,16.0,7.0,2.0,650.0,35.0,380.0,6.0,0.0,0.7543859649122807,0.6140350877192983,1.0936431989063569,1.4254385964912282,0.2807017543859649
Buffalo Chicken - Large Original Pan™ Slice,148.6,14.0,40.0,15.0,2.0,2.0,850.0,30.0,350.0,5.0,0.0,0.7619047619047619,0.5714285714285715,1.0389610389610389,2.0238095238095237,0.28571428571428575
Cheese - Large Original Pan™ Slice,148.2,17.0,37.0,16.0,2.0,2.0,660.0,35.0,360.0,7.0,0.0,0.6851851851851852,0.6481481481481481,1.2265512265512266,1.5277777777777777,0.29629629629629634
Chicken-Bacon Parmesan - Large Original Pan™ Slice,158.8,20.0,35.0,18.0,2.0,2.0,680.0,40.0,390.0,7.0,0.0,0.5982905982905983,0.6837606837606838,1.332001332001332,1.4529914529914532,0.3076923076923077
Hawaiian Chicken - Large Original Pan™ Slice,165.9,14.0,38.0,17.0,3.0,2.0,720.0,35.0,350.0,5.0,0.0,0.7238095238095238,0.6666666666666667,1.0389610389610389,1.7142857142857142,0.3238095238095238
Meat Lover's® - Large Original Pan™ Slice,174.3,27.0,37.0,19.0,2.0,2.0,970.0,50.0,470.0,10.0,0.0,0.5248226950354611,0.7092198581560284,1.4921248963802156,1.7198581560283688,0.26950354609929084
Pepperoni - Large Original Pan™ Slice,140.9,18.0,36.0,15.0,2.0,2.0,680.0,35.0,370.0,6.0,0.0,0.6486486486486487,0.6306306306306307,1.2636012636012637,1.5315315315315317,0.2702702702702703
Pepperoni Lover's® - Large Original Pan™ Slice,163.7,24.0,37.0,19.0,2.0,3.0,850.0,50.0,440.0,9.0,0.5,0.5606060606060607,0.7575757575757576,1.4167650531286895,1.6098484848484849,0.2878787878787879
Supreme - Large Original Pan™ Slice,169.2,20.0,37.0,16.0,2.0,2.0,740.0,40.0,400.0,7.0,0.0,0.6166666666666667,0.6666666666666667,1.2987012987012987,1.5416666666666667,0.26666666666666666
Ultimate Cheese Lover's® - Large Original Pan™ Slice,148.3,20.0,36.0,17.0,2.0,2.0,670.0,40.0,390.0,8.0,0.0,0.6153846153846154,0.6837606837606838,1.332001332001332,1.4316239316239316,0.2905982905982906
Veggie Lover's® - Large Original Pan™ Slice,166.0,15.0,38.0,13.0,3.0,3.0,620.0,25.0,330.0,5.0,0.0,0.7676767676767677,0.5050505050505051,1.1806375442739079,1.5656565656565657,0.2626262626262626
Backyard BBQ Chicken - Large Hand Tossed Slice,132.8,10.0,40.0,14.0,7.0,2.0,530.0,30.0,300.0,4.5,0.0,0.888888888888889,0.6666666666666667,0.8658008658008658,1.4722222222222223,0.3111111111111111
Buffalo Chicken - Large Hand Tossed Slice,131.5,8.0,37.0,13.0,2.0,2.0,740.0,30.0,270.0,4.0,0.0,0.9135802469135803,0.7407407407407407,0.7696007696007696,2.283950617283951,0.3209876543209877
Cheese - Large Hand Tossed Slice,128.9,10.0,34.0,13.0,2.0,3.0,540.0,30.0,290.0,5.0,0.0,0.7816091954022989,0.6896551724137931,0.8956560680698612,1.5517241379310345,0.2988505747126437
Chicken-Bacon Parmesan - Large Hand Tossed Slice,141.7,13.0,33.0,16.0,1.0,2.0,560.0,35.0,310.0,5.0,0.0,0.7096774193548387,0.7526881720430108,1.0892333472978635,1.5053763440860215,0.34408602150537637
Hawaiian Chicken - Large Hand Tossed Slice,150.5,9.0,36.0,15.0,3.0,3.0,610.0,30.0,280.0,4.0,0.0,0.8571428571428571,0.7142857142857143,0.8348794063079776,1.8154761904761905,0.35714285714285715
Meat Lover's® - Large Hand Tossed Slice,157.4,21.0,34.0,17.0,2.0,3.0,860.0,50.0,390.0,8.0,0.0,0.5811965811965812,0.8547008547008547,1.3986013986013988,1.8376068376068377,0.2905982905982906
Pepperoni - Large Hand Tossed Slice,125.3,13.0,34.0,13.0,2.0,3.0,590.0,30.0,300.0,6.0,0.0,0.7555555555555555,0.6666666666666667,1.1255411255411256,1.6388888888888888,0.2888888888888889
Pepperoni Lover's® - Large Hand Tossed Slice,145.7,18.0,35.0,17.0,2.0,3.0,740.0,50.0,370.0,8.0,0.0,0.6306306306306307,0.900900900900901,1.2636012636012637,1.6666666666666667,0.30630630630630634
Supreme - Large Hand Tossed Slice,154.5,14.0,35.0,14.0,2.0,3.0,630.0,35.0,330.0,6.0,0.0,0.7070707070707071,0.7070707070707071,1.1019283746556474,1.590909090909091,0.2828282828282829
Ultimate Cheese Lover's® - Large Hand Tossed Slice,127.8,13.0,33.0,15.0,1.0,2.0,540.0,35.0,310.0,6.0,0.0,0.7096774193548387,0.7526881720430108,1.0892333472978635,1.4516129032258065,0.3225806451612903
Veggie Lover's® - Large Hand Tossed Slice,153.0,9.0,36.0,11.0,2.0,3.0,510.0,20.0,260.0,4.0,0.0,0.9230769230769231,0.5128205128205129,0.8991008991008992,1.6346153846153846,0.2820512820512821
Backyard BBQ Chicken - Large Thin 'N Crispy® Slice,118.7,9.0,35.0,14.0,9.0,2.0,590.0,35.0,280.0,4.5,0.0,0.8333333333333334,0.8333333333333334,0.8348794063079776,1.7559523809523812,0.33333333333333337
Buffalo Chicken - Large Thin 'N Crispy® Slice,118.4,8.0,33.0,13.0,4.0,2.0,810.0,30.0,250.0,4.0,0.0,0.8800000000000001,0.8,0.8311688311688312,2.7,0.3466666666666667
Cheese - Large Thin 'N Crispy® Slice,114.9,10.0,29.0,14.0,4.0,2.0,610.0,35.0,260.0,6.0,0.0,0.7435897435897436,0.8974358974358975,0.999000999000999,1.9551282051282053,0.35897435897435903
Chicken-Bacon Parmesan - Large Thin 'N Crispy® Slice,128.4,13.0,28.0,15.0,4.0,2.0,620.0,40.0,290.0,6.0,0.0,0.6436781609195402,0.9195402298850575,1.1643528884908194,1.7816091954022988,0.3448275862068966
Hawaiian Chicken - Large Thin 'N Crispy® Slice,137.3,8.0,31.0,14.0,6.0,2.0,670.0,35.0,250.0,4.0,0.0,0.8266666666666667,0.9333333333333335,0.8311688311688312,2.2333333333333334,0.37333333333333335
Meat Lover's® - Large Thin 'N Crispy® Slice,141.0,20.0,29.0,17.0,4.0,2.0,920.0,50.0,370.0,9.0,0.0,0.5225225225225226,0.900900900900901,1.4040014040014042,2.0720720720720722,0.30630630630630634
Pepperoni - Large Thin 'N Crispy® Slice,110.6,13.0,29.0,13.0,4.0,2.0,660.0,35.0,280.0,6.0,0.0,0.6904761904761906,0.8333333333333334,1.2059369202226344,1.9642857142857144,0.30952380952380953
Pepperoni Lover's® - Large Thin 'N Crispy®; Slice,133.4,18.0,30.0,17.0,4.0,2.0,830.0,55.0,350.0,9.0,0.5,0.5714285714285715,1.0476190476190477,1.3358070500927643,1.9761904761904763,0.3238095238095238
Supreme - Large Thin 'N Crispy® Slice,142.4,14.0,30.0,14.0,5.0,2.0,680.0,40.0,300.0,6.0,0.0,0.6666666666666667,0.888888888888889,1.2121212121212122,1.8888888888888888,0.3111111111111111
Ultimate Cheese Lover's® - Large Thin 'N Crispy® Slice,114.9,14.0,28.0,15.0,4.0,2.0,620.0,40.0,290.0,7.0,0.0,0.6436781609195402,0.9195402298850575,1.2539184952978055,1.7816091954022988,0.3448275862068966
Veggie Lover's® - Large Thin 'N Crispy® Slice,144.4,8.0,31.0,11.0,5.0,3.0,580.0,20.0,240.0,4.0,0.0,0.8611111111111113,0.5555555555555556,0.8658008658008658,2.013888888888889,0.3055555555555555
Backyard BBQ Chicken - Large Original Stuffed Crust® Slice,146.4,13.0,41.0,16.0,7.0,2.0,670.0,45.0,340.0,6.0,0.0,0.803921568627451,0.8823529411764707,0.9931245225362874,1.6421568627450982,0.3137254901960784
Buffalo Chicken - Large Original Stuffed Crust® Slice,144.7,11.0,39.0,15.0,2.0,2.0,870.0,40.0,310.0,6.0,0.0,0.8387096774193548,0.8602150537634409,0.9216589861751152,2.338709677419355,0.3225806451612903
Cheese - Large Original Stuffed Crust® Slice,138.7,13.0,35.0,14.0,2.0,3.0,660.0,35.0,310.0,7.0,0.0,0.7526881720430108,0.7526881720430108,1.0892333472978635,1.7741935483870968,0.3010752688172043
Chicken-Bacon Parmesan - Large Original Stuffed Crust® Slice,154.9,16.0,34.0,17.0,2.0,2.0,700.0,45.0,350.0,7.0,0.0,0.6476190476190476,0.8571428571428571,1.1873840445269017,1.6666666666666667,0.3238095238095238
Hawaiian Chicken - Large Original Stuffed Crust® Slice,161.9,11.0,37.0,16.0,3.0,2.0,750.0,40.0,310.0,6.0,0.0,0.7956989247311829,0.8602150537634409,0.9216589861751152,2.0161290322580645,0.34408602150537637
Meat Lover's® - Large Original Stuffed Crust® Slice,171.7,24.0,36.0,19.0,2.0,2.0,1010.0,60.0,430.0,10.0,0.0,0.5581395348837209,0.9302325581395349,1.4497130776200544,1.9573643410852715,0.29457364341085274
Pepperoni - Large Original Stuffed Crust® Slice,139.7,16.0,35.0,15.0,2.0,2.0,730.0,45.0,340.0,7.0,0.0,0.6862745098039216,0.8823529411764707,1.2223071046600458,1.7892156862745099,0.29411764705882354
Pepperoni Lover's® - Large Original Stuffed Crust®; Slice,154.4,20.0,35.0,18.0,2.0,3.0,850.0,55.0,390.0,9.0,0.5,0.5982905982905983,0.9401709401709402,1.332001332001332,1.8162393162393162,0.3076923076923077
Supreme - Large Original Stuffed Crust® Slice,166.4,18.0,36.0,16.0,2.0,3.0,770.0,45.0,370.0,8.0,0.0,0.6486486486486487,0.8108108108108109,1.2636012636012637,1.7342342342342343,0.28828828828828834
Ultimate Cheese Lover's® - Large Original Stuffed Crust® Slice,137.6,16.0,34.0,15.0,2.0,2.0,660.0,40.0,340.0,8.0,0.0,0.6666666666666667,0.7843137254901961,1.2223071046600458,1.6176470588235294,0.29411764705882354
Veggie Lover's® - Large Original Stuffed Crust® Slice,163.0,12.0,37.0,13.0,3.0,3.0,650.0,30.0,300.0,6.0,0.0,0.8222222222222223,0.6666666666666667,1.0389610389610389,1.8055555555555556,0.2888888888888889
Backyard BBQ Chicken - Rectangle Slice,107.4,9.0,34.0,11.0,6.0,2.0,470.0,20.0,260.0,3.5,0.0,0.8717948717948719,0.5128205128205129,0.8991008991008992,1.5064102564102564,0.2820512820512821
Buffalo Chicken - Rectangle Slice,106.3,8.0,32.0,10.0,1.0,2.0,630.0,20.0,240.0,3.0,0.0,0.888888888888889,0.5555555555555556,0.8658008658008658,2.1875,0.2777777777777778
Cheese - Rectangle Slice,102.6,9.0,29.0,10.0,1.0,2.0,460.0,20.0,240.0,4.0,0.0,0.8055555555555556,0.5555555555555556,0.974025974025974,1.5972222222222223,0.2777777777777778
Chicken-Bacon Parmesan - Rectangle Slice,112.6,12.0,28.0,12.0,1.0,2.0,490.0,25.0,270.0,4.5,0.0,0.691358024691358,0.6172839506172839,1.1544011544011545,1.5123456790123457,0.29629629629629634
Hawaiian Chicken - Rectangle Slice,116.3,8.0,30.0,11.0,2.0,2.0,500.0,20.0,230.0,3.0,0.0,0.8695652173913043,0.5797101449275363,0.9034443817052513,1.8115942028985508,0.31884057971014496
Meat Lover's® - Rectangle Slice,121.6,16.0,29.0,13.0,1.0,2.0,670.0,35.0,310.0,6.0,0.0,0.6236559139784946,0.7526881720430108,1.3405948889819856,1.8010752688172043,0.2795698924731183
Pepperoni - Rectangle Pan Slice,100.2,11.0,28.0,10.0,1.0,2.0,490.0,20.0,250.0,4.0,0.0,0.7466666666666667,0.5333333333333333,1.1428571428571428,1.6333333333333333,0.26666666666666666
Pepperoni Lover's® - Rectangle Slice,114.0,14.0,29.0,13.0,1.0,2.0,590.0,35.0,290.0,6.0,0.0,0.6666666666666667,0.8045977011494253,1.2539184952978055,1.6954022988505746,0.2988505747126437
Supreme - Rectangle Slice,118.6,12.0,29.0,11.0,2.0,2.0,520.0,25.0,270.0,4.5,0.0,0.7160493827160495,0.6172839506172839,1.1544011544011545,1.6049382716049383,0.271604938271605
Ultimate Cheese Lover's® - Rectangle Slice,103.5,12.0,28.0,11.0,1.0,2.0,480.0,25.0,260.0,5.0,0.0,0.7179487179487181,0.6410256410256411,1.1988011988011988,1.5384615384615385,0.2820512820512821
Veggie Lover's® - Rectangle Slice,117.1,8.0,30.0,9.0,2.0,2.0,440.0,15.0,220.0,3.0,0.0,0.9090909090909091,0.45454545454545453,0.9445100354191263,1.6666666666666667,0.27272727272727276
"Backyard BBQ Chicken - 18"" Slice",185.4,13.0,57.0,19.0,9.0,3.0,720.0,40.0,420.0,6.0,0.0,0.9047619047619048,0.6349206349206349,0.8039579468150897,1.4285714285714286,0.30158730158730157
"Buffalo Chicken - 18"" Slice",186.7,11.0,54.0,18.0,3.0,3.0,1030.0,35.0,380.0,5.0,0.0,0.9473684210526316,0.6140350877192983,0.7518796992481203,2.2587719298245617,0.31578947368421056
"Cheese & Mushroom - 18"" Slice",205.3,10.0,51.0,17.0,3.0,4.0,710.0,30.0,360.0,5.0,0.0,0.9444444444444444,0.5555555555555556,0.7215007215007214,1.6435185185185186,0.3148148148148148
"Cheese - 18"" Slice",194.9,14.0,51.0,19.0,3.0,4.0,820.0,40.0,410.0,7.0,0.0,0.8292682926829269,0.6504065040650407,0.8869179600886918,1.6666666666666667,0.3089430894308943
"Chicken-Bacon Parmesan - 18"" Slice",211.5,20.0,49.0,22.0,2.0,3.0,830.0,50.0,460.0,8.0,0.0,0.7101449275362319,0.7246376811594203,1.129305477131564,1.5036231884057971,0.31884057971014496
"Four Pepper Pepperoni - 18"" Slice",216.1,13.0,51.0,17.0,4.0,4.0,1160.0,35.0,390.0,6.0,0.0,0.8717948717948719,0.5982905982905983,0.8658008658008658,2.4786324786324787,0.2905982905982906
"Hawaiian Chicken - 18"" Slice",222.5,11.0,54.0,19.0,6.0,4.0,850.0,40.0,390.0,5.0,0.0,0.9230769230769231,0.6837606837606838,0.7326007326007326,1.8162393162393162,0.3247863247863248
"Italian Sausage - 18"" Slice",198.6,18.0,51.0,19.0,3.0,4.0,890.0,45.0,440.0,8.0,0.0,0.7727272727272727,0.6818181818181819,1.062573789846517,1.6856060606060608,0.2878787878787879
"Meat Lover's® - 18"" Slice",217.2,24.0,51.0,22.0,3.0,4.0,1100.0,55.0,500.0,10.0,0.0,0.6799999999999999,0.7333333333333334,1.2467532467532467,1.8333333333333335,0.29333333333333333
"Pepperoni - 18"" Slice",182.1,14.0,50.0,17.0,3.0,4.0,800.0,35.0,390.0,6.0,0.0,0.8547008547008547,0.5982905982905983,0.9324009324009324,1.7094017094017093,0.2905982905982906
"Pepperoni Lover's® - 18"" Slice",208.7,20.0,51.0,22.0,3.0,4.0,980.0,55.0,470.0,10.0,0.5,0.723404255319149,0.7801418439716312,1.1052777010223818,1.7375886524822697,0.3120567375886525
"Supreme - 18"" Slice",231.7,17.0,52.0,19.0,4.0,4.0,860.0,40.0,430.0,7.0,0.0,0.8062015503875969,0.6201550387596899,1.0268800966475384,1.6666666666666667,0.29457364341085274
"Triple Meat Italiano - 18"" Slice",197.7,17.0,50.0,19.0,3.0,4.0,940.0,45.0,430.0,8.0,0.0,0.7751937984496124,0.6976744186046512,1.0268800966475384,1.821705426356589,0.29457364341085274
"Ultimate Cheese Lover's® - 18"" Slice",193.6,21.0,49.0,21.0,2.0,3.0,820.0,50.0,470.0,9.0,0.0,0.6950354609929078,0.7092198581560284,1.160541586073501,1.4539007092198584,0.29787234042553196
"Veggie Lover's® - 18"" Slice",245.3,12.0,54.0,17.0,4.0,5.0,800.0,30.0,390.0,5.0,0.0,0.9230769230769231,0.5128205128205129,0.7992007992007992,1.7094017094017093,0.2905982905982906
Backyard BBQ Chicken - Big New Yorker Slice,164.9,10.0,55.0,17.0,8.0,3.0,630.0,30.0,380.0,4.5,0.0,0.9649122807017545,0.5263157894736842,0.683526999316473,1.3815789473684212,0.29824561403508776
Buffalo Chicken - Big New Yorker Slice,165.2,9.0,52.0,16.0,2.0,3.0,890.0,30.0,350.0,4.0,0.0,0.9904761904761905,0.5714285714285715,0.6679035250463822,2.119047619047619,0.3047619047619048
Cheese - Big New Yorker Slice,162.5,11.0,48.0,16.0,3.0,3.0,590.0,30.0,350.0,5.0,0.0,0.9142857142857144,0.5714285714285715,0.8163265306122449,1.4047619047619049,0.3047619047619048
Chicken-Bacon Parmesan - Big New Yorker Slice,171.8,14.0,47.0,18.0,2.0,3.0,640.0,35.0,380.0,6.0,0.0,0.8245614035087719,0.6140350877192983,0.9569377990430621,1.4035087719298245,0.31578947368421056
Garden Chicken - Big New Yorker Slice,87.5,7.0,7.0,9.0,2.0,2.0,370.0,30.0,120.0,3.5,0.0,0.3888888888888889,1.6666666666666667,1.5151515151515151,2.5694444444444446,0.5
Garden Fresh - Big New Yorker Slice,83.5,6.0,7.0,6.0,2.0,2.0,310.0,20.0,110.0,3.5,0.0,0.4242424242424242,1.2121212121212122,1.4167650531286895,2.3484848484848486,0.36363636363636365
Hawaiian Chicken - Big New Yorker Slice,184.4,9.0,50.0,17.0,3.0,3.0,710.0,30.0,350.0,4.0,0.0,0.9523809523809523,0.5714285714285715,0.6679035250463822,1.6904761904761905,0.3238095238095238
Meat Lover's® - Big New Yorker Slice,190.3,21.0,48.0,20.0,2.0,3.0,960.0,50.0,460.0,8.0,0.0,0.6956521739130435,0.7246376811594203,1.1857707509881423,1.7391304347826086,0.2898550724637681
Pepperoni - Big New Yorker Slice,158.9,13.0,47.0,15.0,2.0,3.0,630.0,30.0,370.0,6.0,0.0,0.846846846846847,0.5405405405405406,0.9126009126009127,1.4189189189189189,0.2702702702702703
Pepperoni Lover's® - Big New Yorker Slice,179.6,18.0,48.0,19.0,2.0,4.0,840.0,50.0,440.0,8.0,0.0,0.7272727272727273,0.7575757575757576,1.062573789846517,1.590909090909091,0.2878787878787879
Supreme - Big New Yorker Slice,188.3,15.0,49.0,16.0,3.0,4.0,730.0,35.0,390.0,6.0,0.0,0.8376068376068376,0.5982905982905983,0.999000999000999,1.5598290598290598,0.27350427350427353
Ultimate Cheese Lover's® - Big New Yorker Slice,157.9,14.0,47.0,17.0,1.0,3.0,620.0,35.0,380.0,6.0,0.0,0.8245614035087719,0.6140350877192983,0.9569377990430621,1.3596491228070176,0.29824561403508776
Veggie Lover's® - Big New Yorker Slice,186.9,9.0,50.0,14.0,3.0,4.0,610.0,20.0,330.0,4.0,0.0,1.0101010101010102,0.4040404040404041,0.7083825265643447,1.5404040404040404,0.2828282828282829
American Chicken Club *Local Specialty* - Personal Pan Pizza® Slice,80.3,9.0,18.0,8.0,2.0,1.0,340.0,20.0,180.0,2.5,0.0,0.6666666666666667,0.7407407407407407,1.2987012987012987,1.5740740740740742,0.29629629629629634
Bacon Cheeseburger (w/ cheddar cheese) - Personal Pan Pizza® Slice,77.6,11.0,17.0,8.0,2.0,1.0,450.0,20.0,200.0,4.5,0.0,0.5666666666666668,0.6666666666666667,1.4285714285714286,1.875,0.26666666666666666
Badger Special *Local Specialty* - Personal Pan Pizza® Slice,74.0,8.0,18.0,7.0,2.0,1.0,350.0,15.0,170.0,3.0,0.0,0.7058823529411765,0.5882352941176471,1.2223071046600458,1.7156862745098038,0.27450980392156865
BBQ Beef - Personal Pan Pizza® Slice,71.9,7.0,19.0,7.0,3.0,1.0,340.0,15.0,160.0,2.5,0.0,0.7916666666666666,0.625,1.1363636363636362,1.7708333333333335,0.2916666666666667
BBQ Chicken *Local Specialty* - Personal Pan Pizza® Slice,80.6,5.0,25.0,8.0,8.0,1.0,380.0,20.0,180.0,2.0,0.0,0.925925925925926,0.7407407407407407,0.7215007215007214,1.7592592592592593,0.29629629629629634
BBQ Lover's *Local Specialty* - Personal Pan Pizza® Slice,77.6,8.0,25.0,7.0,8.0,1.0,410.0,15.0,200.0,3.0,0.0,0.8333333333333334,0.5,1.0389610389610389,1.7083333333333333,0.23333333333333336
Fiesta Taco (Beef) - Personal Pan Pizza® Slice,87.1,10.0,21.0,7.0,2.0,2.0,380.0,15.0,200.0,3.0,0.0,0.7,0.5,1.2987012987012987,1.5833333333333333,0.23333333333333336
Fiesta Taco (Chicken) - Personal Pan Pizza® Slice,88.2,7.0,21.0,8.0,2.0,2.0,340.0,15.0,180.0,2.0,0.0,0.7777777777777778,0.5555555555555556,1.0101010101010102,1.5740740740740742,0.29629629629629634
Garden Chicken *Local Specialty* - Personal Pan Pizza® Slice,80.4,6.0,18.0,8.0,2.0,1.0,330.0,15.0,160.0,2.0,0.0,0.75,0.625,0.974025974025974,1.71875,0.33333333333333337
Garden Fresh *Local Specialty* - Personal Pan Pizza® Slice,82.7,6.0,18.0,6.0,2.0,2.0,290.0,10.0,150.0,2.0,0.0,0.8,0.4444444444444445,1.0389610389610389,1.6111111111111112,0.26666666666666666
Hawaiian *Local Specialty* - Personal Pan Pizza® Slice,70.3,5.0,18.0,6.0,3.0,1.0,330.0,10.0,140.0,2.0,0.0,0.8571428571428571,0.47619047619047616,0.9276437847866419,1.9642857142857144,0.28571428571428575
Italian Classic - Personal Pan Pizza® Slice,,10.0,17.0,8.0,2.0,1.0,400.0,20.0,190.0,4.0,0.0,0.5964912280701755,0.7017543859649122,1.367053998632946,1.7543859649122806,0.2807017543859649
Ohio's Best *Local Specialty* - Personal Pan Pizza® Slice,83.8,9.0,18.0,7.0,2.0,2.0,370.0,15.0,180.0,3.0,0.0,0.6666666666666667,0.5555555555555556,1.2987012987012987,1.7129629629629628,0.2592592592592593
Super Supreme - Personal Pan Pizza® Slice,90.6,11.0,18.0,9.0,2.0,1.0,470.0,20.0,210.0,4.0,0.0,0.5714285714285715,0.6349206349206349,1.3605442176870748,1.8650793650793651,0.28571428571428575
Taco Pizza *Local Specialty* - Personal Pan Pizza® Slice,83.5,7.0,19.0,7.0,2.0,2.0,330.0,15.0,170.0,3.0,0.0,0.7450980392156863,0.5882352941176471,1.0695187165775402,1.6176470588235294,0.27450980392156865
American Chicken Club *Local Specialty* - Small Original Pan™ Slice,73.8,8.0,16.0,7.0,2.0,1.0,320.0,15.0,170.0,2.5,0.0,0.6274509803921569,0.5882352941176471,1.2223071046600458,1.5686274509803921,0.27450980392156865
Fiesta Taco (Beef) - Small Original Pan™ Slice,78.5,8.0,19.0,6.0,2.0,2.0,330.0,10.0,180.0,2.5,0.0,0.7037037037037037,0.37037037037037035,1.1544011544011545,1.5277777777777777,0.22222222222222224
Fiesta Taco (Chicken) - Small Original Pan™ Slice,79.7,7.0,19.0,7.0,2.0,2.0,300.0,10.0,170.0,2.0,0.0,0.7450980392156863,0.39215686274509803,1.0695187165775402,1.4705882352941178,0.27450980392156865
Garden Chicken *Local Specialty* - Small Original Pan™ Slice,70.6,5.0,16.0,7.0,2.0,1.0,290.0,10.0,140.0,2.0,0.0,0.7619047619047619,0.47619047619047616,0.9276437847866419,1.7261904761904765,0.33333333333333337
Garden Fresh *Local Specialty* - Small Original Pan™ Slice,78.7,5.0,17.0,5.0,2.0,1.0,260.0,10.0,130.0,2.0,0.0,0.8717948717948719,0.5128205128205129,0.999000999000999,1.6666666666666667,0.25641025641025644
Ohio's Best *Local Specialty* - Small Original Pan™ Slice,78.6,8.0,16.0,6.0,2.0,1.0,340.0,15.0,160.0,3.0,0.0,0.6666666666666667,0.625,1.2987012987012987,1.7708333333333335,0.25
Super Supreme - Small Original Pan™ Slice,82.7,10.0,16.0,8.0,2.0,1.0,420.0,20.0,180.0,3.5,0.0,0.5925925925925927,0.7407407407407407,1.4430014430014428,1.9444444444444446,0.29629629629629634
Taco Pizza *Local Specialty* - Small Original Pan™ Slice,76.4,7.0,17.0,7.0,2.0,2.0,290.0,15.0,160.0,3.0,0.0,0.7083333333333334,0.625,1.1363636363636362,1.5104166666666667,0.2916666666666667
American Chicken Club *Local Specialty* - Small Hand Tossed Slice,71.8,7.0,17.0,7.0,1.0,1.0,270.0,15.0,160.0,2.5,0.0,0.7083333333333334,0.625,1.1363636363636362,1.40625,0.2916666666666667
Fiesta Taco (Beef) - Small Hand Tossed Slice,76.6,7.0,20.0,6.0,1.0,2.0,280.0,10.0,170.0,2.5,0.0,0.7843137254901961,0.39215686274509803,1.0695187165775402,1.3725490196078431,0.23529411764705882
Fiesta Taco (Chicken) - Small Hand Tossed Slice,77.7,5.0,20.0,6.0,1.0,2.0,250.0,10.0,150.0,1.5,0.0,0.888888888888889,0.4444444444444445,0.8658008658008658,1.388888888888889,0.26666666666666666
Garden Fresh *Local Specialty* - Small Hand Tossed Slice,76.7,3.5,18.0,5.0,1.0,1.0,220.0,10.0,120.0,1.5,0.0,1.0,0.5555555555555556,0.7575757575757576,1.5277777777777777,0.2777777777777778
Ohio's Best *Local Specialty* - Small Hand Tossed Slice,76.6,6.0,17.0,6.0,1.0,1.0,300.0,15.0,150.0,2.5,0.0,0.7555555555555555,0.6666666666666667,1.0389610389610389,1.6666666666666667,0.26666666666666666
Super Supreme - Small Hand Tossed Slice,81.4,9.0,17.0,7.0,1.0,1.0,380.0,20.0,170.0,3.5,0.0,0.6666666666666667,0.7843137254901961,1.3750954927425516,1.8627450980392157,0.27450980392156865
Taco Pizza *Local Specialty* - Small Hand Tossed Slice,74.4,5.0,18.0,6.0,1.0,2.0,250.0,15.0,140.0,2.5,0.0,0.8571428571428571,0.7142857142857143,0.9276437847866419,1.4880952380952381,0.28571428571428575
Super Supreme - Small Thin 'N Crispy® Slice,72.7,8.0,14.0,7.0,2.0,1.0,390.0,20.0,150.0,3.0,0.0,0.6222222222222222,0.888888888888889,1.3852813852813854,2.166666666666667,0.3111111111111111
American Chicken Club *Local Specialty* - Medium Original Pan™ Slice,124.8,15.0,29.0,11.0,2.0,2.0,490.0,30.0,300.0,5.0,0.0,0.6444444444444445,0.6666666666666667,1.2987012987012987,1.3611111111111112,0.24444444444444446
Badger Special *Local Specialty* - Medium Original Pan™ Slice,113.8,12.0,28.0,11.0,1.0,2.0,490.0,25.0,270.0,5.0,0.0,0.691358024691358,0.6172839506172839,1.1544011544011545,1.5123456790123457,0.271604938271605
BBQ Beef - Medium Original Pan™ Slice,118.1,12.0,31.0,12.0,4.0,2.0,540.0,25.0,280.0,4.5,0.0,0.7380952380952381,0.5952380952380952,1.1131725417439704,1.6071428571428572,0.28571428571428575
BBQ Chicken *Local Specialty* - Medium Original Pan™ Slice,111.1,9.0,33.0,12.0,6.0,2.0,470.0,30.0,260.0,3.5,0.0,0.8461538461538461,0.7692307692307693,0.8991008991008992,1.5064102564102564,0.3076923076923077
BBQ Lover's *Local Specialty* - Medium Original Pan™ Slice,108.5,12.0,33.0,11.0,6.0,2.0,530.0,25.0,290.0,4.5,0.0,0.7586206896551725,0.574712643678161,1.0747872816838333,1.5229885057471266,0.25287356321839083
BLT *Local Specialty* - Medium Original Pan™ Slice,115.2,15.0,27.0,10.0,1.0,2.0,440.0,25.0,290.0,4.5,0.0,0.6206896551724138,0.574712643678161,1.3434841021047916,1.264367816091954,0.22988505747126436
Fiesta Taco (Beef) - Medium Original Pan™ Slice,141.3,14.0,35.0,11.0,2.0,4.0,560.0,20.0,310.0,4.5,0.0,0.7526881720430108,0.43010752688172044,1.1730205278592374,1.5053763440860215,0.23655913978494625
Fiesta Taco (Chicken) - Medium Original Pan™ Slice,142.3,12.0,35.0,11.0,2.0,4.0,510.0,20.0,290.0,3.5,0.0,0.8045977011494253,0.45977011494252873,1.0747872816838333,1.4655172413793103,0.25287356321839083
Garden Chicken *Local Specialty* - Medium Original Pan™ Slice,118.0,9.0,29.0,11.0,1.0,2.0,440.0,20.0,240.0,3.5,0.0,0.8055555555555556,0.5555555555555556,0.974025974025974,1.5277777777777777,0.3055555555555555
Garden Fresh *Local Specialty* - Medium Original Pan™ Slice,129.1,9.0,29.0,9.0,2.0,2.0,400.0,15.0,240.0,3.5,0.0,0.8055555555555556,0.4166666666666667,0.974025974025974,1.388888888888889,0.25
Hawaiian *Local Specialty* - Medium Original Pan™ Slice,113.7,9.0,30.0,10.0,3.0,2.0,500.0,20.0,240.0,3.5,0.0,0.8333333333333334,0.5555555555555556,0.974025974025974,1.7361111111111114,0.2777777777777778
Hawaiian Luau - Medium Original Pan™ Slice,108.5,10.0,29.0,10.0,2.0,2.0,480.0,20.0,240.0,3.5,0.0,0.8055555555555556,0.5555555555555556,1.0822510822510822,1.6666666666666667,0.2777777777777778
Ohio's Best *Local Specialty* - Medium Original Pan™ Slice,133.2,14.0,29.0,11.0,2.0,2.0,540.0,25.0,280.0,5.0,0.0,0.6904761904761906,0.5952380952380952,1.2987012987012987,1.6071428571428572,0.2619047619047619
Super Supreme - Medium Original Pan™ Slice,139.4,16.0,29.0,13.0,2.0,2.0,670.0,35.0,310.0,6.0,0.0,0.6236559139784946,0.7526881720430108,1.3405948889819856,1.8010752688172043,0.2795698924731183
Taco Pizza *Local Specialty* - Medium Original Pan™ Slice,146.7,14.0,32.0,13.0,2.0,4.0,560.0,30.0,310.0,6.0,0.0,0.6881720430107527,0.6451612903225806,1.1730205278592374,1.5053763440860215,0.2795698924731183
American Chicken Club *Local Specialty* - Medium Hand Tossed Slice,113.7,12.0,26.0,10.0,2.0,2.0,430.0,25.0,260.0,4.0,0.0,0.6666666666666667,0.6410256410256411,1.1988011988011988,1.3782051282051282,0.25641025641025644
Badger Special *Local Specialty* - Medium Hand Tossed Slice,102.5,9.0,26.0,10.0,1.0,2.0,420.0,25.0,230.0,4.5,0.0,0.7536231884057971,0.7246376811594203,1.0163749294184077,1.5217391304347825,0.2898550724637681
BBQ Beef - Medium Hand Tossed Slice,107.5,9.0,29.0,11.0,4.0,2.0,480.0,25.0,240.0,4.0,0.0,0.8055555555555556,0.6944444444444445,0.974025974025974,1.6666666666666667,0.3055555555555555
BBQ Chicken *Local Specialty* - Medium Hand Tossed Slice,99.4,6.0,30.0,11.0,6.0,2.0,400.0,25.0,220.0,2.5,0.0,0.9090909090909091,0.7575757575757576,0.7083825265643447,1.5151515151515151,0.33333333333333337
BBQ Lover's *Local Specialty* - Medium Hand Tossed Slice,97.1,9.0,30.0,10.0,6.0,2.0,470.0,25.0,240.0,4.0,0.0,0.8333333333333334,0.6944444444444445,0.974025974025974,1.6319444444444444,0.2777777777777778
BLT *Local Specialty* - Medium Hand Tossed Slice,104.1,12.0,25.0,9.0,1.0,2.0,380.0,25.0,250.0,4.0,0.0,0.6666666666666667,0.6666666666666667,1.2467532467532467,1.2666666666666668,0.24
Fiesta Taco (Beef) - Medium Hand Tossed Slice,131.7,12.0,33.0,10.0,2.0,3.0,500.0,20.0,280.0,4.0,0.0,0.7857142857142857,0.47619047619047616,1.1131725417439704,1.4880952380952381,0.23809523809523808
Fiesta Taco (Chicken) - Medium Hand Tossed Slice,132.8,9.0,33.0,11.0,2.0,3.0,450.0,20.0,250.0,3.0,0.0,0.8800000000000001,0.5333333333333333,0.9350649350649349,1.5,0.29333333333333333
Garden Chicken *Local Specialty* - Medium Hand Tossed Slice,106.8,6.0,26.0,10.0,1.0,2.0,380.0,20.0,200.0,3.0,0.0,0.8666666666666667,0.6666666666666667,0.7792207792207791,1.5833333333333333,0.33333333333333337
Garden Fresh *Local Specialty* - Medium Hand Tossed Slice,118.0,6.0,27.0,8.0,2.0,2.0,340.0,15.0,190.0,2.5,0.0,0.9473684210526316,0.5263157894736842,0.8202323991797676,1.4912280701754386,0.2807017543859649
Hawaiian *Local Specialty* - Medium Hand Tossed Slice,103.5,5.0,27.0,9.0,3.0,2.0,450.0,15.0,190.0,2.5,0.0,0.9473684210526316,0.5263157894736842,0.683526999316473,1.9736842105263157,0.31578947368421056
Hawaiian Luau - Medium Hand Tossed Slice,98.6,7.0,27.0,9.0,2.0,2.0,420.0,20.0,210.0,3.0,0.0,0.8571428571428571,0.6349206349206349,0.8658008658008658,1.6666666666666667,0.28571428571428575
Ohio's Best *Local Specialty* - Medium Hand Tossed Slice,123.3,10.0,27.0,10.0,2.0,2.0,480.0,25.0,240.0,4.5,0.0,0.75,0.6944444444444445,1.0822510822510822,1.6666666666666667,0.2777777777777778
Super Supreme - Medium Hand Tossed Slice,130.5,14.0,27.0,12.0,2.0,2.0,620.0,30.0,280.0,5.0,0.0,0.6428571428571429,0.7142857142857143,1.2987012987012987,1.8452380952380953,0.28571428571428575
Taco Pizza *Local Specialty* - Medium Hand Tossed Slice,135.7,11.0,30.0,12.0,2.0,3.0,500.0,30.0,270.0,5.0,0.0,0.7407407407407407,0.7407407407407407,1.0582010582010584,1.5432098765432098,0.29629629629629634
American Chicken Club *Local Specialty* - Medium Thin 'N Crispy® Slice,106.2,12.0,23.0,10.0,3.0,2.0,480.0,30.0,250.0,4.0,0.0,0.6133333333333334,0.8,1.2467532467532467,1.6,0.26666666666666666
Badger Special *Local Specialty* - Medium Thin 'N Crispy® Slice,93.6,9.0,22.0,10.0,3.0,2.0,470.0,25.0,210.0,4.5,0.0,0.6984126984126985,0.7936507936507936,1.1131725417439704,1.8650793650793651,0.31746031746031744
BBQ Beef - Medium Thin 'N Crispy® Slice,95.2,9.0,25.0,11.0,6.0,2.0,520.0,25.0,220.0,4.0,0.0,0.7575757575757576,0.7575757575757576,1.062573789846517,1.96969696969697,0.33333333333333337
BBQ Chicken *Local Specialty* - Medium Thin 'N Crispy® Slice,88.2,6.0,27.0,11.0,7.0,1.0,450.0,25.0,200.0,3.0,0.0,0.9000000000000001,0.8333333333333334,0.7792207792207791,1.875,0.3666666666666667
BBQ Lover's *Local Specialty* - Medium Thin 'N Crispy® Slice,85.9,9.0,27.0,10.0,7.0,1.0,520.0,25.0,230.0,4.0,0.0,0.782608695652174,0.7246376811594203,1.0163749294184077,1.8840579710144927,0.2898550724637681
BLT *Local Specialty* - Medium Thin 'N Crispy® Slice,95.2,12.0,21.0,9.0,3.0,1.0,430.0,25.0,230.0,4.0,0.0,0.6086956521739131,0.7246376811594203,1.3551665725578768,1.5579710144927537,0.26086956521739135
Fiesta Taco (Beef) - Medium Thin 'N Crispy® Slice,122.8,11.0,29.0,9.0,3.0,3.0,540.0,20.0,260.0,4.0,0.0,0.7435897435897436,0.5128205128205129,1.098901098901099,1.730769230769231,0.23076923076923078
Fiesta Taco (Chicken) - Medium Thin 'N Crispy® Slice,123.8,9.0,29.0,10.0,3.0,3.0,500.0,20.0,240.0,3.0,0.0,0.8055555555555556,0.5555555555555556,0.974025974025974,1.7361111111111114,0.2777777777777778
Garden Chicken *Local Specialty* - Medium Thin 'N Crispy® Slice,97.9,6.0,23.0,10.0,3.0,2.0,430.0,20.0,190.0,3.0,0.0,0.8070175438596492,0.7017543859649122,0.8202323991797676,1.8859649122807018,0.3508771929824561
Garden Fresh *Local Specialty* - Medium Thin 'N Crispy® Slice,109.1,6.0,24.0,8.0,4.0,2.0,390.0,15.0,180.0,3.0,0.0,0.888888888888889,0.5555555555555556,0.8658008658008658,1.8055555555555556,0.29629629629629634
Hawaiian *Local Specialty* - Medium Thin 'N Crispy® Slice,98.2,5.0,25.0,9.0,5.0,2.0,520.0,20.0,180.0,3.0,0.0,0.925925925925926,0.7407407407407407,0.7215007215007214,2.4074074074074074,0.33333333333333337
Hawaiian Luau - Medium Thin 'N Crispy® Slice,88.5,7.0,23.0,9.0,4.0,2.0,460.0,20.0,190.0,3.0,0.0,0.8070175438596492,0.7017543859649122,0.9569377990430621,2.017543859649123,0.31578947368421056
Ohio's Best *Local Specialty* - Medium Thin 'N Crispy® Slice,121.2,11.0,24.0,10.0,4.0,2.0,540.0,25.0,230.0,4.5,0.0,0.6956521739130435,0.7246376811594203,1.2422360248447206,1.956521739130435,0.2898550724637681
Super Supreme - Medium Thin 'N Crispy® Slice,125.0,13.0,24.0,12.0,3.0,2.0,670.0,35.0,260.0,6.0,0.0,0.6153846153846154,0.8974358974358975,1.2987012987012987,2.147435897435898,0.3076923076923077
Taco Pizza *Local Specialty* - Medium Thin 'N Crispy® Slice,128.2,11.0,27.0,12.0,3.0,3.0,550.0,30.0,250.0,5.0,0.0,0.72,0.8,1.1428571428571428,1.8333333333333335,0.32
American Chicken Club *Local Specialty* - Large Original Pan™ Slice,174.8,24.0,38.0,17.0,2.0,2.0,720.0,40.0,440.0,7.0,0.0,0.5757575757575758,0.6060606060606061,1.4167650531286895,1.3636363636363638,0.25757575757575757
Badger Special *Local Specialty* - Large Original Pan™ Slice,158.3,20.0,37.0,16.0,2.0,3.0,710.0,35.0,390.0,7.0,0.0,0.6324786324786325,0.5982905982905983,1.332001332001332,1.517094017094017,0.27350427350427353
BBQ Beef - Large Original Pan™ Slice,167.2,19.0,41.0,18.0,6.0,3.0,790.0,40.0,410.0,7.0,0.5,0.6666666666666667,0.6504065040650407,1.2036743744060816,1.6056910569105691,0.2926829268292683
BBQ Chicken *Local Specialty* - Large Original Pan™ Slice,152.0,15.0,42.0,18.0,7.0,2.0,660.0,40.0,370.0,5.0,0.0,0.7567567567567568,0.7207207207207208,1.053001053001053,1.4864864864864866,0.32432432432432434
BBQ Lover's *Local Specialty* - Large Original Pan™ Slice,150.4,20.0,42.0,16.0,7.0,2.0,770.0,40.0,410.0,7.0,0.0,0.6829268292682926,0.6504065040650407,1.2670256572695597,1.565040650406504,0.2601626016260163
BLT *Local Specialty* - Large Original Pan™ Slice,160.5,24.0,35.0,15.0,1.0,2.0,650.0,35.0,420.0,7.0,0.0,0.5555555555555556,0.5555555555555556,1.484230055658627,1.2896825396825398,0.23809523809523808
Fiesta Taco (Beef) - Large Original Pan™ Slice,190.7,22.0,44.0,15.0,2.0,4.0,790.0,30.0,440.0,7.0,0.0,0.6666666666666667,0.45454545454545453,1.2987012987012987,1.4962121212121213,0.22727272727272727
Fiesta Taco (Chicken) - Large Original Pan™ Slice,192.1,18.0,44.0,16.0,2.0,4.0,720.0,30.0,400.0,5.0,0.0,0.7333333333333334,0.5,1.1688311688311688,1.5,0.26666666666666666
Garden Chicken *Local Specialty* - Large Original Pan™ Slice,163.3,15.0,38.0,16.0,2.0,2.0,640.0,30.0,350.0,5.0,0.0,0.7238095238095238,0.5714285714285715,1.1131725417439704,1.5238095238095237,0.3047619047619048
Garden Fresh *Local Specialty* - Large Original Pan™ Slice,177.7,15.0,39.0,14.0,3.0,3.0,590.0,25.0,340.0,5.0,0.0,0.7647058823529411,0.4901960784313726,1.145912910618793,1.4460784313725492,0.27450980392156865
Hawaiian *Local Specialty* - Large Original Pan™ Slice,157.3,14.0,39.0,15.0,4.0,2.0,720.0,30.0,340.0,5.0,0.0,0.7647058823529411,0.5882352941176471,1.0695187165775402,1.7647058823529413,0.29411764705882354
Hawaiian Luau - Large Original Pan™ Slice,151.8,16.0,38.0,15.0,3.0,2.0,700.0,30.0,350.0,6.0,0.0,0.7238095238095238,0.5714285714285715,1.1873840445269017,1.6666666666666667,0.28571428571428575
Ohio's Best *Local Specialty* - Large Original Pan™ Slice,184.8,21.0,38.0,16.0,3.0,3.0,790.0,35.0,410.0,7.0,0.0,0.6178861788617886,0.5691056910569107,1.3303769401330376,1.6056910569105691,0.2601626016260163
Super Supreme - Large Original Pan™ Slice,195.3,26.0,38.0,19.0,2.0,3.0,980.0,50.0,460.0,9.0,0.0,0.5507246376811594,0.7246376811594203,1.4680971202710333,1.7753623188405798,0.2753623188405797
Taco Pizza *Local Specialty* - Large Original Pan™ Slice,200.5,22.0,42.0,19.0,2.0,4.0,800.0,40.0,440.0,9.0,0.5,0.6363636363636365,0.6060606060606061,1.2987012987012987,1.5151515151515151,0.2878787878787879
American Chicken Club *Local Specialty* - Large Hand Tossed Slice,158.3,18.0,35.0,15.0,2.0,3.0,600.0,40.0,370.0,6.0,0.0,0.6306306306306307,0.7207207207207208,1.2636012636012637,1.3513513513513515,0.2702702702702703
Badger Special *Local Specialty* - Large Hand Tossed Slice,141.2,13.0,34.0,14.0,2.0,3.0,590.0,35.0,310.0,6.0,0.0,0.7311827956989247,0.7526881720430108,1.0892333472978635,1.5860215053763442,0.3010752688172043
BBQ Beef - Large Hand Tossed Slice,150.2,13.0,39.0,16.0,6.0,3.0,680.0,35.0,340.0,6.0,0.5,0.7647058823529411,0.6862745098039216,0.9931245225362874,1.6666666666666667,0.3137254901960784
BBQ Chicken *Local Specialty* - Large Hand Tossed Slice,133.9,8.0,40.0,16.0,7.0,2.0,540.0,35.0,290.0,4.0,0.0,0.9195402298850575,0.8045977011494253,0.7165248544558889,1.5517241379310345,0.367816091954023
BBQ Lover's *Local Specialty* - Large Hand Tossed Slice,132.3,13.0,40.0,14.0,7.0,2.0,650.0,35.0,330.0,6.0,0.0,0.8080808080808082,0.7070707070707071,1.0232192050373867,1.6414141414141414,0.2828282828282829
BLT *Local Specialty* - Large Hand Tossed Slice,143.4,18.0,33.0,13.0,1.0,2.0,530.0,35.0,350.0,6.0,0.0,0.6285714285714287,0.6666666666666667,1.3358070500927643,1.2619047619047619,0.24761904761904763
Fiesta Taco (Beef) - Large Hand Tossed Slice,176.4,16.0,42.0,13.0,2.0,4.0,680.0,25.0,360.0,6.0,0.0,0.7777777777777778,0.462962962962963,1.1544011544011545,1.5740740740740742,0.24074074074074073
Fiesta Taco (Chicken) - Large Hand Tossed Slice,177.8,12.0,42.0,14.0,2.0,4.0,610.0,25.0,330.0,4.0,0.0,0.8484848484848484,0.5050505050505051,0.9445100354191263,1.5404040404040404,0.2828282828282829
Garden Chicken *Local Specialty* - Large Hand Tossed Slice,146.3,9.0,35.0,14.0,2.0,3.0,530.0,30.0,270.0,4.0,0.0,0.8641975308641975,0.7407407407407407,0.8658008658008658,1.6358024691358026,0.345679012345679
Garden Fresh *Local Specialty* - Large Hand Tossed Slice,160.8,8.0,36.0,11.0,3.0,3.0,470.0,20.0,260.0,4.0,0.0,0.9230769230769231,0.5128205128205129,0.7992007992007992,1.5064102564102564,0.2820512820512821
Hawaiian *Local Specialty* - Large Hand Tossed Slice,142.5,8.0,36.0,13.0,4.0,3.0,620.0,25.0,270.0,4.0,0.0,0.888888888888889,0.6172839506172839,0.7696007696007696,1.9135802469135803,0.3209876543209877
Hawaiian Luau - Large Hand Tossed Slice,135.8,10.0,35.0,13.0,3.0,3.0,590.0,25.0,280.0,4.5,0.0,0.8333333333333334,0.5952380952380952,0.9276437847866419,1.7559523809523812,0.30952380952380953
Ohio's Best *Local Specialty* - Large Hand Tossed Slice,170.7,15.0,36.0,14.0,2.0,3.0,670.0,35.0,330.0,6.0,0.0,0.7272727272727273,0.7070707070707071,1.1806375442739079,1.691919191919192,0.2828282828282829
Super Supreme - Large Hand Tossed Slice,181.3,20.0,36.0,17.0,2.0,3.0,880.0,45.0,390.0,8.0,0.0,0.6153846153846154,0.7692307692307693,1.332001332001332,1.8803418803418803,0.2905982905982906
Taco Pizza *Local Specialty* - Large Hand Tossed Slice,184.0,16.0,40.0,17.0,2.0,5.0,680.0,40.0,360.0,8.0,0.0,0.7407407407407407,0.7407407407407407,1.1544011544011545,1.5740740740740742,0.3148148148148148
American Chicken Club *Local Specialty* - Large Thin 'N Crispy® Slice,146.2,18.0,31.0,14.0,4.0,2.0,670.0,40.0,350.0,6.0,0.0,0.5904761904761905,0.7619047619047619,1.3358070500927643,1.5952380952380953,0.26666666666666666
Badger Special *Local Specialty* - Large Thin 'N Crispy® Slice,127.8,13.0,30.0,14.0,4.0,2.0,650.0,35.0,290.0,6.0,0.0,0.6896551724137931,0.8045977011494253,1.1643528884908194,1.867816091954023,0.3218390804597701
BBQ Beef - Large Thin 'N Crispy® Slice,133.8,12.0,34.0,16.0,8.0,3.0,740.0,40.0,310.0,6.0,0.5,0.7311827956989247,0.8602150537634409,1.0054461667364893,1.9892473118279572,0.34408602150537637
BBQ Chicken *Local Specialty* - Large Thin 'N Crispy® Slice,118.6,8.0,35.0,15.0,9.0,2.0,610.0,40.0,270.0,4.0,0.0,0.8641975308641975,0.9876543209876543,0.7696007696007696,1.882716049382716,0.37037037037037035
BBQ Lover's *Local Specialty* - Large Thin 'N Crispy® Slice,117.0,13.0,35.0,14.0,9.0,2.0,710.0,40.0,310.0,6.0,0.0,0.7526881720430108,0.8602150537634409,1.0892333472978635,1.9086021505376347,0.3010752688172043
BLT *Local Specialty* - Large Thin 'N Crispy® Slice,130.1,18.0,28.0,12.0,3.0,2.0,600.0,35.0,330.0,6.0,0.0,0.5656565656565657,0.7070707070707071,1.4167650531286895,1.5151515151515151,0.24242424242424243
Fiesta Taco (Beef) - Large Thin 'N Crispy® Slice,162.1,15.0,37.0,13.0,4.0,4.0,730.0,30.0,340.0,6.0,0.0,0.7254901960784315,0.5882352941176471,1.145912910618793,1.7892156862745099,0.25490196078431376
Fiesta Taco (Chicken) - Large Thin 'N Crispy® Slice,163.6,11.0,37.0,14.0,4.0,4.0,660.0,30.0,310.0,4.0,0.0,0.7956989247311829,0.6451612903225806,0.9216589861751152,1.7741935483870968,0.3010752688172043
Garden Chicken *Local Specialty* - Large Thin 'N Crispy® Slice,133.0,9.0,31.0,14.0,4.0,2.0,590.0,30.0,250.0,4.0,0.0,0.8266666666666667,0.8,0.9350649350649349,1.9666666666666666,0.37333333333333335
Garden Fresh *Local Specialty* - Large Thin 'N Crispy® Slice,147.5,8.0,31.0,11.0,5.0,3.0,530.0,20.0,240.0,4.0,0.0,0.8611111111111113,0.5555555555555556,0.8658008658008658,1.840277777777778,0.3055555555555555
Hawaiian *Local Specialty* - Large Thin 'N Crispy® Slice,132.5,8.0,32.0,13.0,7.0,2.0,710.0,30.0,250.0,4.0,0.0,0.8533333333333334,0.8,0.8311688311688312,2.3666666666666667,0.3466666666666667
Hawaiian Luau - Large Thin 'N Crispy® Slice,121.4,9.0,31.0,13.0,5.0,2.0,650.0,30.0,260.0,4.5,0.0,0.7948717948717949,0.7692307692307693,0.8991008991008992,2.0833333333333335,0.33333333333333337
Ohio's Best *Local Specialty* - Large Thin 'N Crispy® Slice,163.2,15.0,31.0,14.0,5.0,3.0,750.0,35.0,310.0,6.0,0.0,0.6666666666666667,0.7526881720430108,1.2568077084206115,2.0161290322580645,0.3010752688172043
Super Supreme - Large Thin 'N Crispy® Slice,170.7,19.0,31.0,17.0,5.0,3.0,940.0,50.0,360.0,8.0,0.0,0.5740740740740741,0.925925925925926,1.3708513708513708,2.175925925925926,0.3148148148148148
Taco Pizza *Local Specialty* - Large Thin 'N Crispy® Slice,171.9,15.0,35.0,17.0,4.0,4.0,740.0,40.0,340.0,8.0,0.5,0.6862745098039216,0.7843137254901961,1.145912910618793,1.8137254901960784,0.33333333333333337
American Chicken Club *Local Specialty* - Large Original Stuffed Crust® Slice,172.0,22.0,37.0,16.0,2.0,3.0,760.0,50.0,410.0,8.0,0.0,0.6016260162601627,0.8130081300813008,1.3937282229965156,1.5447154471544717,0.2601626016260163
Badger Special *Local Specialty* - Large Original Stuffed Crust® Slice,157.4,17.0,36.0,16.0,2.0,3.0,750.0,45.0,360.0,8.0,0.0,0.6666666666666667,0.8333333333333334,1.2265512265512266,1.7361111111111114,0.29629629629629634
BBQ Beef - Large Original Stuffed Crust® Slice,164.6,16.0,40.0,18.0,6.0,3.0,830.0,50.0,380.0,8.0,0.5,0.7017543859649122,0.8771929824561403,1.0936431989063569,1.8201754385964912,0.31578947368421056
BBQ Chicken *Local Specialty* - Large Original Stuffed Crust® Slice,149.4,12.0,41.0,17.0,7.0,2.0,700.0,45.0,340.0,6.0,0.0,0.803921568627451,0.8823529411764707,0.9167303284950343,1.7156862745098038,0.33333333333333337
BBQ Lover's *Local Specialty* - Large Original Stuffed Crust® Slice,146.6,16.0,41.0,16.0,7.0,2.0,790.0,45.0,370.0,8.0,0.0,0.7387387387387389,0.8108108108108109,1.1232011232011232,1.7792792792792793,0.28828828828828834
BLT *Local Specialty* - Large Original Stuffed Crust® Slice,157.8,22.0,34.0,14.0,2.0,2.0,690.0,45.0,390.0,8.0,0.0,0.5811965811965812,0.7692307692307693,1.465201465201465,1.4743589743589745,0.2393162393162393
Fiesta Taco (Beef) - Large Original Stuffed Crust® Slice,194.6,20.0,44.0,16.0,2.0,4.0,860.0,40.0,420.0,8.0,0.0,0.6984126984126985,0.6349206349206349,1.2368583797155226,1.7063492063492063,0.253968253968254
Fiesta Taco (Chicken) - Large Original Stuffed Crust® Slice,196.0,16.0,44.0,17.0,2.0,4.0,790.0,40.0,390.0,7.0,0.0,0.7521367521367521,0.6837606837606838,1.0656010656010655,1.688034188034188,0.2905982905982906
Garden Chicken *Local Specialty* - Large Original Stuffed Crust® Slice,161.2,12.0,37.0,16.0,2.0,3.0,680.0,40.0,320.0,6.0,0.0,0.7708333333333334,0.8333333333333334,0.974025974025974,1.7708333333333335,0.33333333333333337
Garden Fresh *Local Specialty* - Large Original Stuffed Crust® Slice,168.2,12.0,37.0,13.0,3.0,3.0,620.0,30.0,310.0,6.0,0.0,0.7956989247311829,0.6451612903225806,1.0054461667364893,1.6666666666666667,0.2795698924731183
Hawaiian *Local Specialty* - Large Original Stuffed Crust® Slice,156.1,12.0,38.0,15.0,4.0,2.0,780.0,35.0,310.0,6.0,0.0,0.8172043010752688,0.7526881720430108,1.0054461667364893,2.096774193548387,0.3225806451612903
Hawaiian Luau - Large Original Stuffed Crust® Slice,149.1,13.0,36.0,15.0,3.0,2.0,740.0,35.0,320.0,6.0,0.0,0.75,0.7291666666666667,1.0551948051948052,1.9270833333333335,0.3125
Ohio's Best *Local Specialty* - Large Original Stuffed Crust® Slice,181.8,19.0,37.0,16.0,3.0,3.0,820.0,45.0,380.0,8.0,0.0,0.6491228070175439,0.7894736842105263,1.2987012987012987,1.7982456140350878,0.2807017543859649
Super Supreme - Large Original Stuffed Crust® Slice,192.4,23.0,37.0,19.0,3.0,3.0,1020.0,55.0,430.0,10.0,0.0,0.5736434108527132,0.8527131782945737,1.389308366052552,1.9767441860465118,0.29457364341085274
Taco Pizza *Local Specialty* - Large Original Stuffed Crust® Slice,197.8,19.0,41.0,19.0,2.0,5.0,840.0,50.0,410.0,9.0,0.5,0.6666666666666667,0.8130081300813008,1.2036743744060816,1.707317073170732,0.3089430894308943
American Chicken Club *Local Specialty* - Rectangle Slice,122.5,15.0,30.0,11.0,2.0,2.0,510.0,25.0,300.0,4.5,0.0,0.6666666666666667,0.5555555555555556,1.2987012987012987,1.4166666666666667,0.24444444444444446
Badger Special *Local Specialty* - Rectangle Slice,111.8,12.0,29.0,11.0,1.0,2.0,500.0,25.0,260.0,4.5,0.0,0.7435897435897436,0.6410256410256411,1.1988011988011988,1.6025641025641026,0.2820512820512821
BBQ Beef - Rectangle,116.4,11.0,32.0,12.0,4.0,2.0,550.0,25.0,270.0,4.0,0.0,0.7901234567901235,0.6172839506172839,1.0582010582010584,1.697530864197531,0.29629629629629634
BBQ Chicken *Local Specialty* - Rectangle Slice,109.5,8.0,34.0,12.0,6.0,2.0,480.0,25.0,250.0,3.0,0.0,0.9066666666666667,0.6666666666666667,0.8311688311688312,1.6,0.32
BBQ Lover's *Local Specialty* - Rectangle Slice,106.9,11.0,34.0,11.0,6.0,2.0,540.0,25.0,280.0,4.0,0.0,0.8095238095238095,0.5952380952380952,1.0204081632653061,1.6071428571428572,0.2619047619047619
BLT *Local Specialty* - Rectangle Slice,113.1,14.0,28.0,10.0,1.0,2.0,450.0,25.0,280.0,4.5,0.0,0.6666666666666667,0.5952380952380952,1.2987012987012987,1.3392857142857144,0.23809523809523808
Fiesta Taco (Beef) - Rectangle,140.5,14.0,36.0,11.0,2.0,4.0,580.0,20.0,310.0,4.5,0.0,0.7741935483870969,0.43010752688172044,1.1730205278592374,1.5591397849462365,0.23655913978494625
Fiesta Taco (Chicken) - Rectangle Slice,141.6,11.0,36.0,11.0,2.0,4.0,540.0,20.0,290.0,3.5,0.0,0.8275862068965517,0.45977011494252873,0.9852216748768473,1.5517241379310345,0.25287356321839083
Garden Chicken *Local Specialty* - Rectangle Slice,116.1,9.0,30.0,11.0,1.0,2.0,460.0,20.0,240.0,3.0,0.0,0.8333333333333334,0.5555555555555556,0.974025974025974,1.5972222222222223,0.3055555555555555
Garden Fresh *Local Specialty* - Rectangle Slice,127.3,8.0,30.0,9.0,2.0,2.0,420.0,15.0,230.0,3.0,0.0,0.8695652173913043,0.43478260869565216,0.9034443817052513,1.5217391304347825,0.26086956521739135
Hawaiian *Local Specialty* - Rectangle Slice,111.9,8.0,30.0,10.0,3.0,2.0,520.0,20.0,230.0,3.0,0.0,0.8695652173913043,0.5797101449275363,0.9034443817052513,1.8840579710144927,0.2898550724637681
Hawaiian Luau - Rectangle,106.4,9.0,30.0,10.0,2.0,2.0,490.0,20.0,240.0,3.5,0.0,0.8333333333333334,0.5555555555555556,0.974025974025974,1.7013888888888888,0.2777777777777778
Ohio's Best *Local Specialty* - Rectangle Slice,130.0,13.0,30.0,11.0,2.0,3.0,550.0,25.0,270.0,4.5,0.0,0.7407407407407407,0.6172839506172839,1.2506012506012505,1.697530864197531,0.271604938271605
Super Supreme - Rectangle,136.6,15.0,30.0,13.0,2.0,2.0,680.0,30.0,310.0,6.0,0.0,0.6451612903225806,0.6451612903225806,1.2568077084206115,1.8279569892473118,0.2795698924731183
Taco Pizza *Local Specialty* - Rectangle Slice,144.5,13.0,33.0,13.0,2.0,4.0,580.0,30.0,300.0,6.0,0.0,0.7333333333333334,0.6666666666666667,1.1255411255411256,1.6111111111111112,0.2888888888888889
Cavatini Meat Lover's w/ Garlic Bread,,36.0,112.0,31.0,14.0,7.0,1380.0,60.0,890.0,12.0,1.0,0.8389513108614233,0.449438202247191,1.050634758499927,1.2921348314606742,0.23220973782771534
Cavatini Meat Sauce w/ Garlic Bread,,43.0,115.0,41.0,14.0,8.0,1660.0,95.0,1020.0,19.0,1.5,0.7516339869281046,0.6209150326797386,1.0949834479246245,1.3562091503267975,0.2679738562091504
Cavatini Supreme w/ Garlic Bread,,25.0,113.0,27.0,15.0,8.0,1110.0,35.0,780.0,8.0,0.5,0.9658119658119659,0.29914529914529914,0.8325008325008324,1.185897435897436,0.23076923076923078
Cavatini Veggie Lover's w/ Garlic Bread,,10.0,113.0,21.0,14.0,7.0,730.0,0.0,630.0,2.5,0.0,1.1957671957671958,0.0,0.4122861265718408,0.9656084656084657,0.22222222222222224
Chicken Milano Bake with Garlic Bread,,52.0,64.0,42.0,5.0,6.0,1710.0,115.0,890.0,21.0,1.5,0.4794007490636705,0.8614232209737829,1.5175835400554503,1.601123595505618,0.31460674157303375
Creamy Chicken Alfredo Bake with Garlic Bread,,53.0,62.0,43.0,5.0,4.0,2180.0,115.0,900.0,20.0,1.5,0.45925925925925926,0.8518518518518519,1.5295815295815296,2.0185185185185186,0.31851851851851853
Meaty Marinara Bake with Garlic Bread,,38.0,60.0,32.0,8.0,4.0,1500.0,85.0,710.0,17.0,1.5,0.5633802816901409,0.7981220657276995,1.3901591366380097,1.76056338028169,0.3004694835680751
Meaty Marinara Bake with Roasted Vegetables with Garlic Bread,,40.0,64.0,33.0,9.0,5.0,1510.0,85.0,750.0,17.0,1.5,0.5688888888888889,0.7555555555555555,1.3852813852813854,1.6777777777777778,0.29333333333333333
Sausage Italiano Bake with Garlic Bread,,49.0,62.0,37.0,8.0,4.0,1780.0,110.0,830.0,21.0,1.5,0.497991967871486,0.8835341365461848,1.533406352683461,1.78714859437751,0.29718875502008035
Sausage Italiano Bake with Roasted Vegetables with Garlic Bread,,51.0,65.0,37.0,9.0,5.0,1790.0,110.0,870.0,21.0,2.0,0.4980842911877395,0.8429118773946361,1.5226153157187639,1.71455938697318,0.2835249042145594
Sauteed Bacon Carbonara w/ Garlic Bread,,75.0,97.0,39.0,6.0,7.0,1640.0,60.0,1220.0,19.0,0.5,0.5300546448087432,0.3278688524590164,1.596763891845859,1.1202185792349726,0.21311475409836064
Sauteed Chicken Alfredo w/ Garlic Bread,,64.0,105.0,43.0,7.0,7.0,1500.0,65.0,1170.0,14.0,0.5,0.5982905982905983,0.37037037037037035,1.4208014208014208,1.0683760683760686,0.24501424501424504
Sauteed Chicken Florentine w/ Garlic Bread,,64.0,99.0,41.0,5.0,7.0,1620.0,65.0,1140.0,14.0,0.5,0.5789473684210527,0.38011695906432746,1.4581909318751425,1.1842105263157896,0.23976608187134504
Sauteed Pomodoro Pasta w/ Garlic Bread *Local Specialty*,,31.0,89.0,31.0,10.0,6.0,2080.0,45.0,770.0,6.0,0.0,0.7705627705627706,0.38961038961038963,1.0457075392140327,2.2510822510822512,0.2683982683982684
Sauteed Sausage and Pepper Rustica with Garlic Bread,,48.0,119.0,32.0,14.0,17.0,1880.0,45.0,1020.0,13.0,0.5,0.7777777777777778,0.29411764705882354,1.2223071046600458,1.5359477124183005,0.20915032679738563
Sauteed Spaghetti with Alfredo w/ Garlic Bread,,62.0,104.0,31.0,7.0,6.0,1220.0,25.0,1100.0,13.0,0.5,0.6303030303030304,0.15151515151515152,1.463990554899646,0.9242424242424243,0.1878787878787879
Sauteed Spaghetti with Marinara w/ Garlic Bread,,34.0,114.0,25.0,12.0,13.0,1410.0,10.0,860.0,7.0,0.5,0.8837209302325582,0.07751937984496124,1.0268800966475384,1.3662790697674418,0.1937984496124031
Sauteed Spaghetti with Meat Sauce w/ Garlic Bread,,43.0,118.0,33.0,13.0,14.0,1710.0,35.0,980.0,10.0,0.5,0.8027210884353742,0.23809523809523808,1.1396766498807314,1.4540816326530612,0.22448979591836737
Spaghetti and Meat Sauce with Garlic Bread,,43.0,120.0,39.0,24.0,6.0,2220.0,80.0,1030.0,16.0,2.0,0.7766990291262137,0.517799352750809,1.0843525406632202,1.796116504854369,0.2524271844660194
"Spaghetti with Marinara Sauce, Meatballs, and Mushrooms with Garlic Bread",,35.0,125.0,43.0,27.0,10.0,1950.0,85.0,990.0,12.0,1.0,0.8417508417508418,0.5723905723905724,0.9182736455463728,1.6414141414141414,0.2895622895622896
Spaghetti with Marinara Sauce and Meatballs with Garlic Bread,,35.0,123.0,42.0,26.0,10.0,1950.0,85.0,980.0,12.0,1.0,0.8367346938775511,0.5782312925170068,0.9276437847866419,1.6581632653061227,0.28571428571428575
Spaghetti with Marinara Sauce with Garlic Bread,,12.0,115.0,22.0,24.0,10.0,1250.0,10.0,670.0,3.5,0.0,1.1442786069651742,0.09950248756218906,0.4652064353556891,1.554726368159204,0.21890547263681592
"Spaghetti with Meat Sauce, Meatballs, and Mushrooms with Garlic Bread",,66.0,130.0,60.0,27.0,6.0,2920.0,155.0,1360.0,24.0,2.5,0.6372549019607843,0.7598039215686274,1.2605042016806722,1.7892156862745099,0.29411764705882354
Spaghetti with Meat Sauce and Meatballs with Garlic Bread,,66.0,128.0,59.0,26.0,6.0,2910.0,155.0,1350.0,24.0,2.5,0.6320987654320988,0.7654320987654322,1.26984126984127,1.7962962962962963,0.291358024691358
Kid's Bone Out Wings (Garlic Parmesan) w/ Straight-Cut Fries,,51.0,86.0,19.0,8.0,4.0,2040.0,40.0,880.0,9.0,0.0,0.6515151515151516,0.30303030303030304,1.5053128689492326,1.931818181818182,0.14393939393939395
Kid's Bone Out Wings (Naked) w/ Straight-Cut Fries,,36.0,85.0,17.0,7.0,4.0,1730.0,30.0,730.0,7.0,0.0,0.776255707762557,0.273972602739726,1.2809108699519658,1.9748858447488586,0.15525114155251143
Kid's Meatless Spaghetti w/ Garlic Bread,,12.0,66.0,14.0,10.0,6.0,670.0,0.0,430.0,2.5,0.0,1.0232558139534884,0.0,0.7248565388100272,1.2984496124031009,0.21705426356589147
Kid's Meatless Spaghetti w/ Meatballs w/ Garlic Bread,,27.0,71.0,27.0,12.0,6.0,1140.0,50.0,640.0,8.0,0.5,0.7395833333333334,0.5208333333333334,1.0957792207792207,1.484375,0.28125000000000006
Kid's Spaghetti w/ Meat Sauce w/ Garlic Bread,,28.0,68.0,22.0,10.0,4.0,1150.0,35.0,610.0,9.0,1.0,0.7431693989071039,0.38251366120218583,1.1922503725782414,1.5710382513661203,0.24043715846994537
Kid's Spaghetti w/ Meat Sauce w/ Meatballs w/ Garlic Bread,,43.0,73.0,36.0,12.0,4.0,1620.0,85.0,820.0,14.0,1.5,0.5934959349593496,0.6910569105691057,1.3620525815647766,1.6463414634146343,0.2926829268292683
Kids Sauteed Spaghetti with Marinara w/ Garlic Bread,,28.0,64.0,14.0,6.0,7.0,790.0,5.0,560.0,6.0,0.0,0.7619047619047619,0.05952380952380952,1.2987012987012987,1.1755952380952381,0.16666666666666669
Kids Sauteed Spaghetti with Meat Sauce w/ Garlic Bread,,33.0,64.0,18.0,6.0,7.0,950.0,20.0,620.0,7.0,0.5,0.6881720430107527,0.21505376344086022,1.3824884792626728,1.2768817204301075,0.19354838709677422
"Alfredo Pasta (buffet, no chicken)",,139.0,181.0,69.0,15.0,14.0,3420.0,120.0,2250.0,35.0,1.5,0.5362962962962963,0.35555555555555557,1.6046176046176046,1.2666666666666668,0.20444444444444443
Cavatini Supreme (whole pan),,34.0,197.0,49.0,29.0,14.0,1750.0,70.0,1290.0,12.0,1.0,1.0180878552971577,0.36175710594315247,0.684586731098359,1.1304909560723515,0.2532299741602067
Meaty Marinara (buffet),,111.0,213.0,93.0,39.0,15.0,4430.0,205.0,2220.0,40.0,4.5,0.6396396396396397,0.6156156156156156,1.2987012987012987,1.662912912912913,0.2792792792792793
Tuscani® Creamy Chicken Alfredo Pasta,,57.0,77.0,42.0,8.0,6.0,1850.0,95.0,990.0,16.0,0.5,0.5185185185185186,0.6397306397306397,1.4954742227469502,1.5572390572390573,0.2828282828282829
Tuscani® Meaty Marinara Pasta,,40.0,88.0,42.0,18.0,7.0,1990.0,100.0,880.0,17.0,2.0,0.6666666666666667,0.7575757575757576,1.1806375442739079,1.884469696969697,0.31818181818181823
Asian Salad w/o Dressing - Entree,,15.0,24.0,30.0,9.0,4.0,830.0,80.0,330.0,3.5,0.0,0.48484848484848486,1.6161616161616164,1.1806375442739079,2.095959595959596,0.6060606060606061
Athenian Salad w/o Dressing - Entree,,29.0,40.0,36.0,11.0,6.0,1540.0,115.0,560.0,9.0,0.0,0.47619047619047616,1.369047619047619,1.3450834879406308,2.291666666666667,0.42857142857142855
BLT Salad w/o Dressing - Entree,,26.0,26.0,17.0,5.0,4.0,870.0,45.0,400.0,9.0,0.0,0.43333333333333335,0.75,1.6883116883116884,1.8125,0.2833333333333334
Buffalo Chicken Salad *Local Specialty* w/o Dressing - Entree,,34.0,75.0,36.0,8.0,7.0,2250.0,80.0,730.0,9.0,0.5,0.684931506849315,0.730593607305936,1.2097491549546344,2.5684931506849313,0.3287671232876712
Chicken Caesar Salad no Dressing - Entree,,25.0,27.0,35.0,5.0,4.0,1270.0,95.0,470.0,7.0,0.0,0.3829787234042553,1.3475177304964538,1.3815971262779774,2.25177304964539,0.49645390070921985
Chicken Garden Salad w/o Dressing - Entree,,17.0,34.0,30.0,9.0,5.0,1030.0,80.0,390.0,4.0,0.0,0.5811965811965812,1.3675213675213675,1.132201132201132,2.200854700854701,0.5128205128205129
Chopped Salad *Local Specialty* w/o Dressing - Entree,,11.0,8.0,24.0,3.0,4.0,790.0,75.0,230.0,5.0,0.0,0.2318840579710145,2.173913043478261,1.2422360248447206,2.8623188405797104,0.6956521739130435
Classic Caesar Salad no Dressing - Shared,,7.0,24.0,7.0,4.0,4.0,440.0,5.0,180.0,1.5,0.0,0.888888888888889,0.18518518518518517,1.0101010101010102,2.037037037037037,0.2592592592592593
Crispy Chicken *Local Specialty* w/o Dressing - Entree,,40.0,58.0,39.0,6.0,7.0,1580.0,95.0,740.0,12.0,0.5,0.5225225225225226,0.8558558558558559,1.4040014040014042,1.7792792792792793,0.35135135135135137
Crispy Cobb Salad *Local Specialty* w/o Dressing - Entree,,45.0,40.0,36.0,4.0,6.0,1410.0,95.0,700.0,13.0,0.5,0.38095238095238093,0.9047619047619048,1.6697588126159553,1.6785714285714286,0.34285714285714286
Garden Salad no Dressing - Shared,,7.0,31.0,7.0,8.0,4.0,420.0,5.0,210.0,2.0,0.0,0.9841269841269842,0.15873015873015872,0.8658008658008658,1.6666666666666667,0.22222222222222224
Grilled Chicken Caesar *Local Specialty* w/o Dressing - Entree,,14.0,27.0,33.0,5.0,4.0,1080.0,90.0,360.0,5.0,0.0,0.5,1.6666666666666667,1.0101010101010102,2.5,0.611111111111111
Grilled Chicken Garden *Local Specialty* w/o Dressing - Entree,,23.0,31.0,36.0,7.0,5.0,1190.0,110.0,460.0,9.0,0.0,0.4492753623188406,1.5942028985507248,1.2987012987012987,2.1557971014492754,0.5217391304347827
Harvest Salad w/o Dressing - Entree,,19.0,48.0,31.0,22.0,6.0,1180.0,90.0,470.0,6.0,0.0,0.6808510638297872,1.2765957446808511,1.0500138159712629,2.0921985815602837,0.4397163120567376
Hawaii Caesar Salad *Local Specialty* w/o Dressing - Entree,,2.5,6.0,4.0,3.0,3.0,95.0,5.0,60.0,1.0,0.0,0.6666666666666667,0.5555555555555556,1.0822510822510822,1.3194444444444444,0.4444444444444445
Hawaii Chicken Caesar Salad *Local Specialty* w/o Dressing - Entree,,4.5,8.0,19.0,3.0,3.0,430.0,55.0,140.0,2.0,0.0,0.38095238095238093,2.619047619047619,0.8348794063079776,2.5595238095238098,0.9047619047619048
Hawaii Garden Salad *Local Specialty* w/o Dressing - Entree,,0.5,11.0,4.0,5.0,5.0,15.0,0.0,50.0,0.0,0.0,1.4666666666666668,0.0,0.2597402597402597,0.25,0.5333333333333333
Italian Garden Salad *Local Specialty* w/o Dressing - Entree,,19.0,12.0,14.0,5.0,5.0,900.0,55.0,270.0,9.0,0.5,0.29629629629629634,1.3580246913580247,1.827801827801828,2.777777777777778,0.345679012345679
Side Classic Caesar Salad no Dressing,,4.5,12.0,5.0,2.0,2.0,270.0,5.0,110.0,1.5,0.0,0.7272727272727273,0.30303030303030304,1.062573789846517,2.0454545454545454,0.30303030303030304
Side Garden Salad no Dressing,,4.5,17.0,5.0,5.0,3.0,240.0,10.0,120.0,1.5,0.0,0.9444444444444444,0.5555555555555556,0.974025974025974,1.6666666666666667,0.2777777777777778
WingStreet® Buffalo Chicken Salad no Dressing,,32.0,84.0,34.0,9.0,7.0,2640.0,75.0,750.0,8.0,0.0,0.7466666666666667,0.6666666666666667,1.1082251082251082,2.9333333333333336,0.3022222222222223
WingStreet® Crispy Chicken Caesar Salad no Dressing,,73.0,58.0,37.0,6.0,6.0,2260.0,85.0,1030.0,15.0,0.0,0.37540453074433655,0.5501618122977346,1.840877569032909,1.8284789644012944,0.23948220064724918
Zesty Italian Salad no Dressing - Entree,,22.0,30.0,16.0,6.0,5.0,1150.0,45.0,370.0,7.0,0.0,0.5405405405405406,0.8108108108108109,1.5444015444015444,2.59009009009009,0.28828828828828834
Zesty Italian Tuscan Salad w/o Dressing - Shared,,22.0,30.0,16.0,6.0,5.0,1150.0,45.0,370.0,7.0,0.0,0.5405405405405406,0.8108108108108109,1.5444015444015444,2.59009009009009,0.28828828828828834
Black Forest Ham & Cheese Diablo Sandwich w/ Potato Chips,,39.0,89.0,38.0,10.0,5.0,2560.0,70.0,860.0,9.0,0.0,0.689922480620155,0.5426356589147288,1.1778918755662942,2.4806201550387597,0.29457364341085274
Black Forest Ham & Cheese Diablo Sandwich w/ Straight-Cut Fries,,53.0,133.0,39.0,11.0,7.0,3360.0,70.0,1170.0,13.0,0.5,0.7578347578347578,0.39886039886039887,1.1766011766011766,2.393162393162393,0.22222222222222224
Black Forest Ham & Cheese Sandwich *Local Specialty* w/ Potato Chips,,41.0,89.0,47.0,11.0,5.0,2770.0,100.0,920.0,10.0,0.0,0.644927536231884,0.7246376811594203,1.157538114059853,2.5090579710144927,0.34057971014492755
Black Forest Ham & Cheese Sandwich *Local Specialty* w/ Straight-Cut Fries,,55.0,133.0,49.0,12.0,7.0,3570.0,100.0,1240.0,13.0,0.5,0.7150537634408602,0.5376344086021505,1.1520737327188941,2.399193548387097,0.26344086021505375
Black Forest Ham & Cheese Sandwich w/ Potato Chips,,39.0,88.0,37.0,10.0,5.0,2360.0,70.0,850.0,9.0,0.0,0.6901960784313725,0.5490196078431373,1.1917494270435447,2.3137254901960786,0.2901960784313725
Black Forest Ham & Cheese Sandwich w/ Straight-Cut Fries,,53.0,132.0,39.0,11.0,7.0,3170.0,70.0,1170.0,13.0,0.5,0.7521367521367521,0.39886039886039887,1.1766011766011766,2.257834757834758,0.22222222222222224
Meatball Sub Sandwich w/ Potato Chips,,56.0,100.0,50.0,12.0,6.0,2890.0,130.0,1090.0,19.0,1.0,0.6116207951070337,0.7951070336391438,1.334445371142619,2.209480122324159,0.30581039755351686
Meatball Sub Sandwich w/ Straight-Cut Fries,,70.0,144.0,51.0,13.0,9.0,3690.0,130.0,1410.0,22.0,1.5,0.6808510638297872,0.6146572104018913,1.2894906511927788,2.1808510638297873,0.24113475177304963
Roasted Turkey & Provolone Sandwich w/ Potato Chips,,39.0,90.0,38.0,10.0,4.0,2380.0,65.0,850.0,9.0,0.0,0.7058823529411765,0.5098039215686275,1.1917494270435447,2.3333333333333335,0.29803921568627456
Roasted Turkey & Provolone Sandwich w/ Straight-Cut Fries,,53.0,134.0,40.0,11.0,7.0,3190.0,65.0,1160.0,13.0,0.5,0.7701149425287356,0.37356321839080464,1.186744290192566,2.291666666666667,0.22988505747126436
Roasted Turkey & Provolone Sandwich with Bacon w/ Potato Chips,,45.0,90.0,41.0,10.0,4.0,2500.0,75.0,920.0,12.0,0.0,0.6521739130434783,0.5434782608695653,1.2704686617730097,2.2644927536231885,0.2971014492753623
Roasted Turkey & Provolone Sandwich with Bacon w/ Straight-Cut Fries,,59.0,134.0,43.0,11.0,7.0,3300.0,80.0,1240.0,15.0,0.5,0.7204301075268817,0.43010752688172044,1.235860913280268,2.217741935483871,0.23118279569892472
Steak & Cheese Hoagie w/ Potato Chips,,42.0,89.0,53.0,9.0,4.0,2910.0,120.0,940.0,14.0,1.0,0.6312056737588653,0.851063829787234,1.160541586073501,2.5797872340425534,0.375886524822695
Steak & Cheese Hoagie w/ Straight-Cut Fries,,56.0,133.0,55.0,10.0,6.0,3720.0,125.0,1260.0,17.0,1.0,0.7037037037037037,0.6613756613756614,1.1544011544011545,2.4603174603174605,0.291005291005291
Supremo Sandwich *Local Specialty* w/ Potato Chips,,53.0,87.0,55.0,10.0,4.0,3270.0,140.0,1060.0,15.0,1.0,0.5471698113207547,0.8805031446540881,1.2987012987012987,2.5707547169811322,0.3459119496855346
Supremo Sandwich *Local Specialty* w/ Straight-Cut Fries,,67.0,131.0,57.0,11.0,6.0,4070.0,140.0,1370.0,18.0,1.0,0.6374695863746959,0.6812652068126521,1.2702625841311972,2.4756690997566912,0.2773722627737226
Supremo Sandwich w/ Potato Chips,,50.0,86.0,44.0,9.0,4.0,2920.0,100.0,970.0,14.0,0.5,0.5910652920962199,0.6872852233676976,1.3388673182487614,2.508591065292096,0.3024054982817869
Supremo Sandwich w/ Straight-Cut Fries,,64.0,130.0,46.0,10.0,6.0,3720.0,100.0,1290.0,17.0,1.0,0.6718346253229974,0.516795865633075,1.2886338467733816,2.4031007751937983,0.23772609819121449
WingStreet® Buffalo Chicken Sandwich with Fries,,75.0,179.0,41.0,10.0,8.0,4210.0,75.0,1550.0,13.0,0.5,0.7698924731182796,0.3225806451612903,1.2568077084206115,2.263440860215054,0.1763440860215054
"WingStreet® Chicken Parmesan Sandwich, Breadstick Dipping Sauce and Fries",,99.0,171.0,54.0,18.0,10.0,4380.0,95.0,1790.0,22.0,1.0,0.6368715083798883,0.3538175046554935,1.4365522745411012,2.0391061452513966,0.2011173184357542
WingStreet® Honey BBQ Sandwich with Fries,,78.0,210.0,44.0,48.0,8.0,4100.0,80.0,1720.0,14.0,0.5,0.813953488372093,0.31007751937984496,1.1778918755662942,1.9864341085271318,0.17054263565891473
WingStreet® Honey BBQ with Bacon Sandwich with Fries,,94.0,210.0,51.0,48.0,8.0,4490.0,100.0,1890.0,20.0,0.5,0.7407407407407407,0.3527336860670194,1.2918298632584346,1.9797178130511466,0.1798941798941799
Buffalo Burnin' Hot Bone-Out Wing,,4.0,9.0,5.0,1.0,0.0,340.0,10.0,90.0,1.0,0.0,0.6666666666666667,0.7407407407407407,1.1544011544011545,3.1481481481481484,0.37037037037037035
Buffalo Burnin' Hot Traditional Bone-In Wing,,4.5,5.0,9.0,1.0,0.0,390.0,45.0,100.0,1.0,0.0,0.33333333333333337,3.0,1.1688311688311688,3.25,0.6
Buffalo Medium Bone-Out Wing,,4.0,9.0,5.0,1.0,0.0,330.0,10.0,90.0,1.0,0.0,0.6666666666666667,0.7407407407407407,1.1544011544011545,3.0555555555555554,0.37037037037037035
Buffalo Medium Traditional Bone-In Wing,,4.5,5.0,9.0,1.0,0.0,370.0,45.0,100.0,1.0,0.0,0.33333333333333337,3.0,1.1688311688311688,3.0833333333333335,0.6
Buffalo Mild Bone-Out Wing,,4.0,10.0,5.0,1.0,0.0,340.0,10.0,90.0,1.0,0.0,0.7407407407407407,0.7407407407407407,1.1544011544011545,3.1481481481481484,0.37037037037037035
Buffalo Mild Traditional Bone-In Wing,,4.5,5.0,9.0,1.0,0.0,380.0,45.0,100.0,1.0,0.0,0.33333333333333337,3.0,1.1688311688311688,3.1666666666666665,0.6
Cajun Rub - Bone Out Wing (each),,4.0,6.0,5.0,0.0,0.0,210.0,10.0,80.0,1.0,0.0,0.5,0.8333333333333334,1.2987012987012987,2.1875,0.4166666666666667
Cajun Rub - Traditional Bone-In Wing (each),,4.5,1.0,9.0,0.0,0.0,220.0,45.0,80.0,1.0,0.0,0.08333333333333334,3.75,1.4610389610389611,2.291666666666667,0.75
Garlic Parmesan Bone-Out Wing,,9.0,6.0,5.0,0.0,0.0,270.0,10.0,130.0,1.5,0.0,0.3076923076923077,0.5128205128205129,1.7982017982017984,1.730769230769231,0.25641025641025644
Garlic Parmesan Traditional Bone-In Wing,,11.0,1.0,10.0,0.0,0.0,300.0,45.0,140.0,2.5,0.0,0.047619047619047616,2.1428571428571432,2.0408163265306123,1.7857142857142858,0.47619047619047616
Hawaiian Teriyaki - Bone Out Wing (each),,4.0,9.0,5.0,3.0,0.0,280.0,10.0,90.0,1.0,0.0,0.6666666666666667,0.7407407407407407,1.1544011544011545,2.5925925925925926,0.37037037037037035
Hawaiian Teriyaki - Traditional Bone-In Wing (each),,4.5,4.0,10.0,3.0,0.0,310.0,45.0,100.0,1.0,0.0,0.26666666666666666,3.0,1.1688311688311688,2.5833333333333335,0.6666666666666667
Honey BBQ Bone-Out Wing,,4.0,11.0,5.0,4.0,0.0,220.0,10.0,100.0,1.0,0.0,0.7333333333333334,0.6666666666666667,1.0389610389610389,1.8333333333333335,0.33333333333333337
Honey BBQ Traditional Bone-In Wing,,4.5,7.0,9.0,5.0,0.0,230.0,45.0,110.0,1.0,0.0,0.4242424242424242,2.7272727272727275,1.062573789846517,1.7424242424242424,0.5454545454545455
Lemon Pepper Rub - Bone Out Wing (each),,4.0,6.0,5.0,0.0,0.0,200.0,10.0,80.0,1.0,0.0,0.5,0.8333333333333334,1.2987012987012987,2.0833333333333335,0.4166666666666667
Lemon Pepper Rub - Traditional Bone-In Wing (each),,4.5,1.0,9.0,0.0,0.0,200.0,45.0,80.0,1.0,0.0,0.08333333333333334,3.75,1.4610389610389611,2.0833333333333335,0.75
Ranch Rub - Bone Out Wing (each),,4.0,6.0,5.0,0.0,0.0,200.0,10.0,80.0,1.0,0.0,0.5,0.8333333333333334,1.2987012987012987,2.0833333333333335,0.4166666666666667
Ranch Rub - Traditional Bone-In Wing (each),,4.5,1.0,9.0,0.0,0.0,200.0,45.0,80.0,1.0,0.0,0.08333333333333334,3.75,1.4610389610389611,2.0833333333333335,0.75
Smoky Garlic - Bone Out Wing (each),,6.0,9.0,5.0,2.0,0.0,220.0,10.0,110.0,1.0,0.0,0.5454545454545455,0.6060606060606061,1.4167650531286895,1.6666666666666667,0.30303030303030304
Smoky Garlic - Traditional Bone-In Wing (each),,7.0,5.0,9.0,3.0,0.0,230.0,45.0,120.0,1.5,0.0,0.2777777777777778,2.5,1.5151515151515151,1.5972222222222223,0.5
Spicy Garlic - Bone Out Wing (each),,6.0,8.0,5.0,0.0,0.0,290.0,10.0,110.0,1.0,0.0,0.48484848484848486,0.6060606060606061,1.4167650531286895,2.196969696969697,0.30303030303030304
Spicy Garlic - Traditional Bone-In Wing (each),,8.0,3.0,9.0,1.0,0.0,330.0,45.0,120.0,2.0,0.0,0.16666666666666669,2.5,1.7316017316017316,2.291666666666667,0.5
Bacon Cheddar Fries w/ Ranch Dipping Cup,,99.0,104.0,29.0,7.0,9.0,3750.0,80.0,1420.0,25.0,1.0,0.48826291079812206,0.37558685446009393,1.8108651911468814,2.2007042253521125,0.13615023474178406
Bacon Cheesesticks (each),,9.0,20.0,8.0,1.0,1.0,380.0,15.0,190.0,3.5,0.0,0.7017543859649122,0.5263157894736842,1.2303485987696514,1.6666666666666667,0.2807017543859649
Baked Bone-Out Wing (1),,2.0,4.0,5.0,0.0,0.0,180.0,15.0,60.0,0.0,0.0,0.4444444444444445,1.6666666666666667,0.8658008658008658,2.5,0.5555555555555556
Baked Mozzarella Cheese Stick (1),,4.5,6.0,3.0,1.0,0.0,135.0,5.0,80.0,1.5,0.0,0.5,0.4166666666666667,1.4610389610389611,1.40625,0.25
Baked Onion Rings w/ Ketchup,,25.0,78.0,8.0,12.0,3.0,1290.0,0.0,560.0,3.5,0.0,0.9285714285714286,0.0,1.1595547309833025,1.919642857142857,0.09523809523809523
Baked Quepapas w/ Ranch Dipping Cup,,44.0,51.0,13.0,7.0,5.0,1430.0,35.0,650.0,12.0,0.5,0.5230769230769231,0.35897435897435903,1.7582417582417582,1.8333333333333335,0.13333333333333333
Bakery-Style Breadsticks *Local Specialty* (each),,5.0,22.0,5.0,1.0,1.0,380.0,0.0,150.0,1.0,0.0,0.9777777777777779,0.0,0.8658008658008658,2.111111111111111,0.22222222222222224
Breadstick Appetizer Sampler *Local Specialty*,,38.0,118.0,30.0,12.0,7.0,1940.0,25.0,930.0,11.0,1.0,0.845878136200717,0.17921146953405018,1.0613042871107388,1.7383512544802868,0.21505376344086022
Breadsticks with Extra Cheese (each),,10.0,21.0,10.0,1.0,1.0,430.0,25.0,210.0,4.5,0.0,0.6666666666666667,0.7936507936507936,1.2368583797155226,1.7063492063492063,0.31746031746031744
Bruschetta (1 piece),,19.0,20.0,8.0,2.0,2.0,880.0,20.0,280.0,5.0,0.0,0.47619047619047616,0.47619047619047616,1.7625231910946195,2.619047619047619,0.19047619047619047
Buffalo Chicken Nachos,,50.0,132.0,37.0,8.0,10.0,3260.0,80.0,1110.0,12.0,1.5,0.7927927927927929,0.4804804804804805,1.1700011700011699,2.447447447447448,0.22222222222222224
Cheesy Dip 'N Chips,,36.0,78.0,9.0,6.0,5.0,1650.0,5.0,660.0,4.5,1.0,0.7878787878787878,0.05050505050505051,1.4167650531286895,2.0833333333333335,0.09090909090909091
Fried Nacho Straight-Cut Fries,,77.0,133.0,24.0,6.0,9.0,3370.0,65.0,1320.0,21.0,1.0,0.6717171717171717,0.3282828282828283,1.5151515151515151,2.1275252525252526,0.12121212121212122
Fried Onion Rings w/ Ketchup,,50.0,93.0,10.0,15.0,0.0,1870.0,0.0,860.0,9.0,0.0,0.7209302325581395,0.0,1.5101177891875566,1.8120155038759689,0.07751937984496124
Fried Quepapas w/ Ranch Dipping Cup,,46.0,55.0,13.0,4.0,5.0,1680.0,30.0,690.0,11.0,0.0,0.5314009661835749,0.2898550724637681,1.7316017316017316,2.028985507246377,0.12560386473429952
Garlic Bread,,8.0,15.0,3.0,0.0,0.0,240.0,0.0,140.0,2.0,0.0,0.7142857142857143,0.0,1.484230055658627,1.4285714285714286,0.14285714285714288
Garlic Bread with Cheese,,13.0,16.0,7.0,0.0,1.0,390.0,20.0,210.0,5.0,0.0,0.507936507936508,0.6349206349206349,1.6079158936301794,1.5476190476190477,0.22222222222222224
Garlic Cheesesticks (each),,7.0,21.0,7.0,1.0,1.0,350.0,10.0,180.0,3.0,0.0,0.7777777777777778,0.37037037037037035,1.0101010101010102,1.6203703703703705,0.2592592592592593
Old Fashioned Breadsticks *Local Specialty* 1/8 Medium (each),,5.0,26.0,8.0,0.0,1.0,310.0,15.0,180.0,2.5,0.0,0.9629629629629629,0.5555555555555556,0.7215007215007214,1.4351851851851853,0.29629629629629634
Old Fashioned Breadsticks *Local Specialty* 1/10 Large (each),,6.0,27.0,9.0,0.0,1.0,370.0,15.0,200.0,3.0,0.0,0.9000000000000001,0.5,0.7792207792207791,1.5416666666666667,0.3
"Sampler Platter *Local Specialty* Full Order w/ Marinara, Ranch and Honey Mustard Cups",,153.0,204.0,53.0,28.0,15.0,4650.0,135.0,2400.0,42.0,2.0,0.5666666666666668,0.375,1.655844155844156,1.6145833333333335,0.14722222222222223
"Sampler Platter *Local Specialty* Half Order w/ Marinara, Ranch and Honey Mustard Cups",,95.0,114.0,28.0,23.0,9.0,2840.0,80.0,1430.0,24.0,1.0,0.5314685314685315,0.372960372960373,1.7255471800926345,1.6550116550116551,0.13053613053613056
Saucy BBQ Wing (1),,3.5,2.0,5.0,1.0,0.0,230.0,30.0,60.0,1.0,0.0,0.22222222222222224,3.3333333333333335,1.5151515151515151,3.1944444444444446,0.5555555555555556
Saucy Buffalo Wing (1),,3.5,1.0,5.0,0.0,0.0,260.0,30.0,60.0,1.0,0.0,0.11111111111111112,3.3333333333333335,1.5151515151515151,3.611111111111111,0.5555555555555556
Stuffed Garlic Knot (1),,2.5,10.0,3.0,1.0,1.0,170.0,5.0,80.0,1.0,0.0,0.8333333333333334,0.4166666666666667,0.8116883116883117,1.7708333333333335,0.25
Stuffed Pizza Roller (1),,10.0,27.0,9.0,1.0,1.0,520.0,25.0,230.0,4.5,0.0,0.782608695652174,0.7246376811594203,1.129305477131564,1.8840579710144927,0.26086956521739135
Twisty Cheese Stick (each),,14.0,59.0,14.0,1.0,3.0,660.0,20.0,430.0,5.0,0.0,0.9147286821705427,0.31007751937984496,0.8456659619450317,1.2790697674418605,0.21705426356589147
WingStreet® Fries with Ketchup,156.0,24.0,67.0,4.0,7.0,3.0,1230.0,0.0,500.0,4.5,0.0,0.8933333333333334,0.0,1.2467532467532467,2.0500000000000003,0.05333333333333334
WingStreet Straight-Cut Fries w/ Cajun Style Seasoning w/ Ketchup,,24.0,69.0,4.0,7.0,4.0,1600.0,0.0,510.0,4.5,0.0,0.9019607843137255,0.0,1.2223071046600458,2.6143790849673203,0.05228758169934641
WingStreet Straight-Cut Fries w/ Lemon Pepper Seasoning w/ Ketchup,,24.0,69.0,4.0,8.0,4.0,1520.0,0.0,510.0,4.5,0.0,0.9019607843137255,0.0,1.2223071046600458,2.4836601307189543,0.05228758169934641
Broccoli & Cheese Soup with Crackers (Bowl),,37.0,35.0,15.0,6.0,2.0,2060.0,80.0,530.0,18.0,1.0,0.44025157232704404,1.0062893081761006,1.8132810585640773,3.238993710691824,0.18867924528301888
Broccoli & Cheese Soup with Crackers (Cup),,19.0,20.0,8.0,3.0,1.0,1050.0,40.0,280.0,9.0,0.5,0.47619047619047616,0.9523809523809523,1.7625231910946195,3.125,0.19047619047619047
Creamy Tomato Basil Soup with Crackers (Bowl),,23.0,37.0,9.0,17.0,4.0,1800.0,40.0,390.0,9.0,0.5,0.6324786324786325,0.6837606837606838,1.5318015318015317,3.846153846153846,0.15384615384615385
Creamy Tomato Basil Soup with Crackers (Cup),,12.0,21.0,5.0,9.0,2.0,920.0,20.0,210.0,4.5,0.0,0.6666666666666667,0.6349206349206349,1.484230055658627,3.650793650793651,0.15873015873015872
Loaded Baked Potato Soup with Crackers (Bowl),,40.0,41.0,21.0,7.0,3.0,1810.0,95.0,600.0,19.0,1.0,0.45555555555555555,1.0555555555555556,1.7316017316017316,2.513888888888889,0.23333333333333336
Loaded Baked Potato Soup with Crackers (Cup),,21.0,23.0,11.0,4.0,1.0,930.0,45.0,320.0,10.0,0.5,0.47916666666666663,0.9375,1.7045454545454546,2.421875,0.22916666666666669
Apple Dessert Pizza,,4.0,50.0,4.0,25.0,2.0,190.0,5.0,250.0,1.5,0.0,1.3333333333333335,0.13333333333333333,0.4155844155844156,0.6333333333333334,0.10666666666666667
Blueberry Dessert Pizza,,4.0,46.0,4.0,21.0,2.0,190.0,5.0,230.0,1.5,0.0,1.3333333333333335,0.14492753623188406,0.45172219085262566,0.6884057971014493,0.11594202898550725
Cherry Dessert Pizza,,4.0,47.0,4.0,22.0,2.0,190.0,5.0,240.0,1.5,0.0,1.3055555555555556,0.1388888888888889,0.4329004329004329,0.6597222222222222,0.11111111111111112
HERSHEY'S® Triple Chocolate Brownie (1/6th square),,16.0,56.0,5.0,37.0,3.0,135.0,30.0,380.0,5.0,0.0,0.9824561403508771,0.5263157894736842,1.0936431989063569,0.2960526315789474,0.08771929824561403
"Individual (4"") HERSHEY'S¨ Chocolate Chip Cookie (each)",,14.0,45.0,3.0,27.0,1.0,140.0,15.0,300.0,6.0,0.0,1.0,0.33333333333333337,1.2121212121212122,0.3888888888888889,0.06666666666666667
New York Style Cheesecake,,57.0,69.0,14.0,53.0,2.0,750.0,290.0,840.0,32.0,2.5,0.5476190476190477,2.301587301587302,1.7625231910946195,0.7440476190476191,0.11111111111111112
New York Style Cheesecake with Apple Sauce,,57.0,108.0,14.0,86.0,3.0,760.0,290.0,990.0,32.0,2.5,0.7272727272727273,1.9528619528619529,1.4954742227469502,0.6397306397306397,0.09427609427609429
New York Style Cheesecake with Blueberry Sauce,,57.0,100.0,14.0,77.0,4.0,760.0,290.0,960.0,32.0,2.5,0.6944444444444445,2.013888888888889,1.5422077922077921,0.6597222222222222,0.09722222222222222
New York Style Cheesecake with Caramel Sauce,,57.0,90.0,14.0,69.0,2.0,800.0,290.0,930.0,32.0,2.5,0.6451612903225806,2.078853046594982,1.591956430666108,0.7168458781362007,0.1003584229390681
New York Style Cheesecake with Cherry Sauce,,57.0,101.0,15.0,80.0,3.0,760.0,290.0,970.0,32.0,2.5,0.6941580756013747,1.993127147766323,1.5263087428035882,0.6529209621993127,0.10309278350515465
The Ultimate HERSHEY'S® Chocolate Chip Cookie (1/6th slice),,12.0,35.0,3.0,25.0,1.0,125.0,15.0,260.0,6.0,0.0,0.8974358974358975,0.38461538461538464,1.1988011988011988,0.40064102564102566,0.07692307692307693
"18"" Hand Tossed Crust",95.7,3.0,43.0,8.0,0.0,2.0,260.0,0.0,230.0,0.5,0.0,1.2463768115942029,0.0,0.3387916431394692,0.9420289855072463,0.2318840579710145
Original Pan™ Crust (Large),79.5,8.0,32.0,7.0,0.0,1.0,270.0,0.0,220.0,1.5,0.0,0.9696969696969697,0.0,0.9445100354191263,1.0227272727272727,0.2121212121212121
Original Stuffed Crust (Large),88.9,7.0,31.0,9.0,1.0,1.0,370.0,20.0,220.0,3.5,0.0,0.9393939393939393,0.6060606060606061,0.8264462809917354,1.4015151515151516,0.27272727272727276
Ultimate Cheesy Crust (Limited Time),98.2,10.0,31.0,13.0,0.0,1.0,400.0,25.0,270.0,5.0,0.0,0.7654320987654322,0.6172839506172839,0.962000962000962,1.2345679012345678,0.3209876543209877
BBQ Chicken - Small Express Hand Tossed Pizza,117.9,9.0,34.0,13.0,3.0,2.0,550.0,25.0,260.0,4.0,0.0,0.8717948717948719,0.6410256410256411,0.8991008991008992,1.762820512820513,0.33333333333333337
Buffalo Chicken - Small Express Hand Tossed Pizza,126.5,7.0,38.0,12.0,2.0,2.0,760.0,25.0,270.0,3.0,0.0,0.9382716049382717,0.6172839506172839,0.6734006734006733,2.345679012345679,0.29629629629629634
Cheese - Small Express Hand Tossed Pizza,108.8,9.0,32.0,12.0,1.0,2.0,430.0,25.0,250.0,4.5,0.0,0.8533333333333334,0.6666666666666667,0.9350649350649349,1.4333333333333333,0.32
Cheese and Jalapeño - Small Express Hand Tossed Pizza,107.3,7.0,32.0,9.0,1.0,2.0,520.0,15.0,230.0,3.0,0.0,0.927536231884058,0.43478260869565216,0.7905138339920948,1.8840579710144927,0.26086956521739135
Chicken-Bacon Parmesan - Small Express Hand Tossed Pizza,120.4,10.0,31.0,13.0,1.0,2.0,440.0,30.0,270.0,4.0,0.0,0.7654320987654322,0.7407407407407407,0.962000962000962,1.3580246913580247,0.3209876543209877
Chicken Supreme - Small Express Hand Tossed Pizza,128.2,7.0,33.0,12.0,2.0,2.0,430.0,25.0,250.0,3.0,0.0,0.8800000000000001,0.6666666666666667,0.7272727272727273,1.4333333333333333,0.32
Ham and Pepperoni - Small Express Hand Tossed Pizza,105.3,9.0,32.0,11.0,1.0,2.0,470.0,20.0,250.0,4.0,0.0,0.8533333333333334,0.5333333333333333,0.9350649350649349,1.5666666666666667,0.29333333333333333
Hawaiian - Small Express Hand Tossed Pizza,113.3,7.0,33.0,10.0,3.0,2.0,430.0,20.0,240.0,3.0,0.0,0.9166666666666667,0.5555555555555556,0.7575757575757576,1.4930555555555556,0.2777777777777778
Hawaiian Chicken - Small Express Hand Tossed Pizza,127.7,7.0,33.0,13.0,2.0,2.0,490.0,25.0,250.0,3.5,0.0,0.8800000000000001,0.6666666666666667,0.7272727272727273,1.6333333333333333,0.3466666666666667
Italian Sausage - Small Express Hand Tossed Pizza,120.8,15.0,32.0,13.0,1.0,2.0,550.0,30.0,310.0,6.0,0.0,0.6881720430107527,0.6451612903225806,1.2568077084206115,1.478494623655914,0.2795698924731183
Meat Eater - Small Express Hand Tossed Pizza,,14.0,33.0,16.0,1.0,2.0,650.0,40.0,320.0,7.0,0.0,0.6875,0.8333333333333334,1.1363636363636362,1.6927083333333335,0.33333333333333337
Meat Lover's® - Small Express Hand Tossed Pizza,133.2,18.0,32.0,15.0,1.0,2.0,690.0,40.0,350.0,7.0,0.0,0.6095238095238096,0.7619047619047619,1.3358070500927643,1.642857142857143,0.28571428571428575
Pepperoni - Small Express Hand Tossed Pizza,102.9,9.0,31.0,11.0,1.0,2.0,430.0,20.0,250.0,4.0,0.0,0.8266666666666667,0.5333333333333333,0.9350649350649349,1.4333333333333333,0.29333333333333333
Pepperoni Jalapeño - Small Express Hand Tossed Pizza,111.1,9.0,32.0,10.0,1.0,2.0,560.0,20.0,250.0,3.5,0.0,0.8533333333333334,0.5333333333333333,0.9350649350649349,1.866666666666667,0.26666666666666666
Pepperoni Lover's® - Small Express Hand Tossed Pizza,118.3,13.0,32.0,13.0,1.0,2.0,540.0,35.0,300.0,6.0,0.0,0.7111111111111111,0.7777777777777778,1.1255411255411256,1.5,0.2888888888888889
Super Supreme - Small Express Hand Tossed Pizza,152.2,17.0,33.0,14.0,2.0,3.0,700.0,40.0,340.0,7.0,0.0,0.6470588235294118,0.7843137254901961,1.2987012987012987,1.7156862745098038,0.27450980392156865
Supreme - Small Express Hand Tossed Pizza,129.8,12.0,32.0,12.0,2.0,2.0,500.0,30.0,290.0,5.0,0.0,0.735632183908046,0.6896551724137931,1.0747872816838333,1.4367816091954022,0.27586206896551724
Ultimate Cheese Lover's® - Small Express Hand Tossed Pizza,106.7,10.0,31.0,12.0,1.0,2.0,420.0,25.0,260.0,4.5,0.0,0.7948717948717949,0.6410256410256411,0.999000999000999,1.3461538461538463,0.3076923076923077
Veggie Lover's® - Small Express Hand Tossed Pizza,127.8,8.0,33.0,10.0,2.0,3.0,410.0,15.0,240.0,3.0,0.0,0.9166666666666667,0.4166666666666667,0.8658008658008658,1.4236111111111112,0.2777777777777778
BBQ Chicken - Small Express Thin ‘N Crispy® Pizza,98.4,8.0,27.0,12.0,5.0,2.0,610.0,25.0,230.0,3.5,0.0,0.782608695652174,0.7246376811594203,0.9034443817052513,2.210144927536232,0.34782608695652173
Buffalo Chicken - Small Express Thin ‘N Crispy® Pizza,107.1,6.0,32.0,11.0,4.0,2.0,800.0,25.0,230.0,3.0,0.0,0.927536231884058,0.7246376811594203,0.6775832862789384,2.898550724637681,0.31884057971014496
Cheese - Small Express Thin ‘N Crispy® Pizza,98.1,8.0,27.0,10.0,4.0,2.0,520.0,25.0,220.0,4.0,0.0,0.8181818181818182,0.7575757575757576,0.9445100354191263,1.96969696969697,0.30303030303030304
Chicken-Bacon Parmesan - Small Express Thin ‘N Crispy® Pizza,113.6,11.0,26.0,12.0,3.0,2.0,540.0,30.0,250.0,4.5,0.0,0.6933333333333334,0.8,1.1428571428571428,1.8000000000000003,0.32
Chicken Supreme - Small Express Thin ‘N Crispy® Pizza,121.3,6.0,28.0,12.0,4.0,2.0,510.0,25.0,210.0,3.0,0.0,0.888888888888889,0.7936507936507936,0.7421150278293135,2.0238095238095237,0.38095238095238093
Hawaiian - Small Express Thin ‘N Crispy® Pizza,107.2,6.0,29.0,9.0,6.0,2.0,510.0,20.0,210.0,3.0,0.0,0.9206349206349207,0.6349206349206349,0.7421150278293135,2.0238095238095237,0.28571428571428575
Hawaiian Chicken - Small Express Thin ‘N Crispy® Pizza,119.8,7.0,29.0,12.0,5.0,2.0,580.0,25.0,220.0,3.0,0.0,0.8787878787878788,0.7575757575757576,0.8264462809917354,2.196969696969697,0.36363636363636365
Italian Sausage - Small Express Thin ‘N Crispy® Pizza,110.1,14.0,27.0,11.0,4.0,2.0,640.0,30.0,280.0,6.0,0.0,0.6428571428571429,0.7142857142857143,1.2987012987012987,1.9047619047619047,0.2619047619047619
Meat Eater - Small Express Thin ‘N Crispy® Pizza,,14.0,25.0,14.0,2.0,2.0,640.0,40.0,280.0,6.0,0.0,0.5952380952380952,0.9523809523809523,1.2987012987012987,1.9047619047619047,0.33333333333333337
Meat Lover's® - Small Express Thin ‘N Crispy® Pizza,122.5,17.0,27.0,14.0,4.0,2.0,780.0,40.0,320.0,7.0,0.0,0.5625000000000001,0.8333333333333334,1.37987012987013,2.03125,0.2916666666666667
Pepperoni - Small Express Thin ‘N Crispy® Pizza,95.0,10.0,27.0,10.0,3.0,2.0,550.0,25.0,230.0,4.0,0.0,0.782608695652174,0.7246376811594203,1.129305477131564,1.9927536231884058,0.2898550724637681
Pepperoni Jalapeño - Small Express Thin ‘N Crispy® Pizza,104.3,8.0,27.0,9.0,4.0,2.0,710.0,20.0,220.0,3.5,0.0,0.8181818181818182,0.6060606060606061,0.9445100354191263,2.6893939393939394,0.27272727272727276
Pepperoni Lover's® - Small Express Thin ‘N Crispy® Pizza,110.4,14.0,27.0,13.0,4.0,2.0,670.0,35.0,280.0,6.0,0.0,0.6428571428571429,0.8333333333333334,1.2987012987012987,1.994047619047619,0.30952380952380953
Super Supreme - Small Express Thin ‘N Crispy® Pizza,146.7,16.0,29.0,13.0,4.0,2.0,800.0,40.0,310.0,6.0,0.0,0.6236559139784946,0.8602150537634409,1.3405948889819856,2.150537634408602,0.2795698924731183
Supreme - Small Express Thin ‘N Crispy® Pizza,123.0,11.0,28.0,11.0,4.0,2.0,590.0,30.0,260.0,5.0,0.0,0.7179487179487181,0.7692307692307693,1.098901098901099,1.891025641025641,0.2820512820512821
Ultimate Cheese Lover's® - Small Express Thin ‘N Crispy® Pizza,98.1,11.0,26.0,11.0,3.0,2.0,510.0,25.0,250.0,5.0,0.0,0.6933333333333334,0.6666666666666667,1.1428571428571428,1.7000000000000002,0.29333333333333333
Veggie Lover's® - Small Express Thin ‘N Crispy® Pizza,124.0,7.0,28.0,9.0,4.0,2.0,510.0,15.0,210.0,3.0,0.0,0.888888888888889,0.47619047619047616,0.8658008658008658,2.0238095238095237,0.28571428571428575
Bacon Cheeseburger (w/ cheddar cheese) - Express Personal Pan Pizza®,77.6,11.0,17.0,8.0,2.0,1.0,450.0,20.0,200.0,4.5,0.0,0.5666666666666668,0.6666666666666667,1.4285714285714286,1.875,0.26666666666666666
Beef - Express Personal Pan Pizza®,73.4,10.0,17.0,7.0,2.0,1.0,410.0,20.0,180.0,3.5,0.0,0.6296296296296297,0.7407407407407407,1.4430014430014428,1.8981481481481481,0.2592592592592593
Buffalo Chicken - Express Personal Pan Pizza®,77.3,5.0,22.0,7.0,2.0,1.0,570.0,15.0,160.0,2.0,0.0,0.9166666666666667,0.625,0.8116883116883117,2.96875,0.2916666666666667
Chicken-Bacon Parmesan - Express Personal Pan Pizza®,77.4,8.0,17.0,9.0,2.0,1.0,350.0,20.0,180.0,3.0,0.0,0.6296296296296297,0.7407407407407407,1.1544011544011545,1.6203703703703705,0.33333333333333337
Chicken Supreme - Express Personal Pan Pizza®,76.7,5.0,18.0,7.0,2.0,1.0,310.0,15.0,150.0,2.0,0.0,0.8,0.6666666666666667,0.8658008658008658,1.7222222222222225,0.3111111111111111
Hawaiian - Express Personal Pan Pizza®,71.4,5.0,18.0,6.0,3.0,1.0,340.0,10.0,140.0,2.0,0.0,0.8571428571428571,0.47619047619047616,0.9276437847866419,2.0238095238095237,0.28571428571428575
Hawaiian Chicken - Express Personal Pan Pizza®,77.3,5.0,18.0,8.0,3.0,1.0,350.0,15.0,150.0,2.0,0.0,0.8,0.6666666666666667,0.8658008658008658,1.9444444444444446,0.35555555555555557
Italian Sausage - Express Personal Pan Pizza®,74.3,10.0,17.0,7.0,2.0,1.0,380.0,15.0,190.0,3.5,0.0,0.5964912280701755,0.5263157894736842,1.367053998632946,1.6666666666666667,0.24561403508771928
Italian Trio - Express Personal Pan Pizza®,73.9,9.0,17.0,7.0,2.0,1.0,360.0,15.0,180.0,3.0,0.0,0.6296296296296297,0.5555555555555556,1.2987012987012987,1.6666666666666667,0.2592592592592593
Meat Lover's® - Express Personal Pan Pizza®,83.4,12.0,18.0,9.0,2.0,1.0,480.0,25.0,210.0,4.5,0.0,0.5714285714285715,0.7936507936507936,1.484230055658627,1.9047619047619047,0.28571428571428575
Pepperoni Jalapeño - Express Personal Pan Pizza®,,6.0,17.0,6.0,2.0,1.0,350.0,10.0,150.0,2.0,0.0,0.7555555555555555,0.4444444444444445,1.0389610389610389,1.9444444444444446,0.26666666666666666
Pepperoni Lover's® - Express Personal Pan Pizza®,73.5,9.0,18.0,8.0,2.0,1.0,390.0,20.0,180.0,3.5,0.0,0.6666666666666667,0.7407407407407407,1.2987012987012987,1.8055555555555556,0.29629629629629634
Super Supreme - Express Personal Pan Pizza®,91.6,12.0,18.0,9.0,2.0,1.0,480.0,25.0,210.0,4.0,0.0,0.5714285714285715,0.7936507936507936,1.484230055658627,1.9047619047619047,0.28571428571428575
Supreme - Express Personal Pan Pizza®,78.2,9.0,18.0,7.0,2.0,1.0,360.0,15.0,180.0,3.0,0.0,0.6666666666666667,0.5555555555555556,1.2987012987012987,1.6666666666666667,0.2592592592592593
Veggie Lover's® - Express Personal Pan Pizza®,73.8,5.0,18.0,6.0,2.0,1.0,290.0,10.0,140.0,2.0,0.0,0.8571428571428571,0.47619047619047616,0.9276437847866419,1.7261904761904765,0.28571428571428575
Express Pasta Pounder Chicken Alfredo (whole pan),,38.0,66.0,36.0,5.0,5.0,1340.0,80.0,750.0,11.0,0.0,0.5866666666666667,0.7111111111111111,1.3160173160173159,1.488888888888889,0.32
Express Pasta Pounder Meaty Marinara (whole pan),,31.0,78.0,33.0,14.0,5.0,1540.0,70.0,720.0,13.0,1.5,0.7222222222222223,0.6481481481481481,1.1183261183261184,1.7824074074074074,0.3055555555555555
"Bacon, Egg & Cheese Biscuit",,26.0,28.0,15.0,3.0,1.0,1300.0,160.0,410.0,12.0,0.0,0.4552845528455285,2.601626016260163,1.6471333544504276,2.642276422764228,0.24390243902439024
Egg & Cheese Biscuit,,22.0,28.0,12.0,3.0,1.0,1150.0,155.0,370.0,11.0,0.0,0.5045045045045046,2.7927927927927927,1.5444015444015444,2.59009009009009,0.21621621621621623
Express Personal Pan Breakfast Pizza - Egg & Cheese,,4.5,17.0,7.0,2.0,1.0,310.0,65.0,140.0,2.5,0.0,0.8095238095238095,3.0952380952380953,0.8348794063079776,1.8452380952380953,0.33333333333333337
"Express Personal Pan Breakfast Pizza - Egg, Bacon & Cheese",,8.0,17.0,10.0,2.0,1.0,450.0,70.0,180.0,3.5,0.0,0.6296296296296297,2.5925925925925926,1.1544011544011545,2.0833333333333335,0.37037037037037035
"Express Personal Pan Breakfast Pizza - Egg, Sausage & Cheese",,10.0,17.0,9.0,2.0,1.0,430.0,75.0,190.0,4.0,0.0,0.5964912280701755,2.6315789473684212,1.367053998632946,1.8859649122807018,0.31578947368421056
"Express Personal Pan Breakfast Pizza - Egg, Sausage, Bacon & Cheese",,9.0,17.0,10.0,2.0,1.0,450.0,75.0,190.0,4.0,0.0,0.5964912280701755,2.6315789473684212,1.2303485987696514,1.9736842105263157,0.3508771929824561
Express Small Hand Tossed Breakfast Pizza - Egg & Cheese,,8.0,79.0,11.0,1.0,2.0,410.0,80.0,240.0,4.0,0.0,2.1944444444444446,2.2222222222222223,0.8658008658008658,1.4236111111111112,0.3055555555555555
"Express Small Hand Tossed Breakfast Pizza - Egg, Bacon & Cheese",,12.0,30.0,13.0,1.0,2.0,500.0,85.0,280.0,5.0,0.0,0.7142857142857143,2.0238095238095237,1.1131725417439704,1.4880952380952381,0.30952380952380953
"Express Small Hand Tossed Breakfast Pizza - Egg, Sausage & Cheese",,16.0,30.0,14.0,1.0,2.0,590.0,95.0,320.0,7.0,0.0,0.625,1.9791666666666667,1.2987012987012987,1.5364583333333335,0.2916666666666667
"Express Small Hand Tossed Breakfast Pizza - Egg, Sausage, Bacon & Cheese",,15.0,30.0,14.0,1.0,2.0,550.0,90.0,310.0,6.0,0.0,0.6451612903225806,1.9354838709677422,1.2568077084206115,1.478494623655914,0.3010752688172043
"Sausage, Egg & Cheese Biscuit",,40.0,28.0,20.0,3.0,1.0,1490.0,195.0,550.0,17.0,0.5,0.3393939393939394,2.3636363636363638,1.8890200708382525,2.257575757575758,0.24242424242424243
Sausage Biscuit,,28.0,25.0,12.0,1.0,1.0,900.0,40.0,400.0,11.0,0.0,0.4166666666666667,0.6666666666666667,1.8181818181818183,1.875,0.2
