Item,Serving Size,Total Fat,Carbohydrates,Protein,Sugar,Fiber,Sodium,Cholesterol,Calories,Saturated Fat,Trans Fat,Price,Carbs Metric,Cholesterol Metric,Protein Metric,Fat Metric,Sodium Metric,Saturated Fat Metric
"6"" Black Forest Ham",219,4.5,46,18,8,5,800,25,290,1.0,0.0,6.00,1.0574712643678161,0.574712643678161,2.4827586206896552,0.40304523063143755,2.298850574712644,0.3448275862068966
"6"" Oven Roasted Chicken",233,5.0,46,23,8,5,610,45,320,1.5,0.0,6.00,0.9583333333333333,0.9375,2.875,0.40584415584415584,1.5885416666666667,0.46875
"6"" Roast Beef",233,5.0,45,25,7,5,660,45,320,1.5,0.0,6.00,0.9375,0.9375,3.125,0.40584415584415584,1.71875,0.46875
"6"" Rotisserie-Style Chicken",247,6.0,45,29,7,5,660,55,350,1.5,0.0,6.00,0.8571428571428571,1.0476190476190477,3.314285714285714,0.44526901669758817,1.5714285714285714,0.4285714285714286
"6"" Subway Club",240,4.5,46,23,8,5,840,40,310,1.5,0.0,6.00,0.989247311827957,0.8602150537634409,2.967741935483871,0.37704231252618353,2.258064516129032,0.4838709677419355
"6"" Sweet Onion Chicken Teriyaki",269,4.0,58,25,16,5,770,50,370,1.0,0.0,6.00,1.0450450450450453,0.900900900900901,2.7027027027027026,0.2808002808002808,1.7342342342342343,0.2702702702702703
"6"" Turkey Breast",219,3.5,46,18,7,5,760,20,280,1.0,0.0,6.00,1.0952380952380953,0.47619047619047616,2.571428571428571,0.3246753246753247,2.2619047619047623,0.35714285714285715
"6"" Veggie Delite",162,2.5,44,8,7,5,280,0,230,0.5,0.0,5.00,1.2753623188405798,0.0,1.391304347826087,0.282326369282891,1.0144927536231885,0.21739130434782608
Footlong Black Forest Ham,438,9.0,92,36,16,10,1600,50,580,2.0,0.0,6.00,1.0574712643678161,0.574712643678161,2.4827586206896552,0.40304523063143755,2.298850574712644,0.3448275862068966
Footlong Oven Roasted Chicken,466,10.0,92,46,16,10,1220,90,640,3.0,0.0,6.00,0.9583333333333333,0.9375,2.875,0.40584415584415584,1.5885416666666667,0.46875
Footlong Roast Beef,466,10.0,90,50,14,10,1320,90,640,3.0,0.0,6.00,0.9375,0.9375,3.125,0.40584415584415584,1.71875,0.46875
Footlong Rotisserie-Style Chicken,494,12.0,90,58,14,10,1320,110,700,3.0,0.0,6.00,0.8571428571428571,1.0476190476190477,3.314285714285714,0.44526901669758817,1.5714285714285714,0.4285714285714286
Footlong Subway Club,480,9.0,92,46,16,10,1680,80,620,3.0,0.0,6.00,0.989247311827957,0.8602150537634409,2.967741935483871,0.37704231252618353,2.258064516129032,0.4838709677419355
Footlong Sweet Onion Chicken Teriyaki,538,8.0,116,50,32,10,1540,100,740,2.0,0.0,6.00,1.0450450450450453,0.900900900900901,2.7027027027027026,0.2808002808002808,1.7342342342342343,0.2702702702702703
Footlong Turkey Breast,438,7.0,92,36,14,10,1520,40,560,2.0,0.0,6.00,1.0952380952380953,0.47619047619047616,2.571428571428571,0.3246753246753247,2.2619047619047623,0.35714285714285715
Footlong Veggie Delite,324,5.0,88,16,14,10,560,0,460,1.0,0.0,5.00,1.2753623188405798,0.0,1.391304347826087,0.282326369282891,1.0144927536231885,0.21739130434782608
"6"" Chicken & Bacon Ranch Melt",298,30.0,47,38,8,5,1290,95,610,10.0,0.5,6.00,0.5136612021857924,1.0382513661202186,2.4918032786885247,1.2774111134766872,1.7622950819672132,1.639344262295082
"6"" Cold Cut Combo",226,12.0,46,17,7,5,1030,45,360,3.5,0.0,6.00,0.8518518518518519,0.8333333333333334,1.8888888888888888,0.8658008658008658,2.3842592592592595,0.9722222222222222
"6"" Italian B.M.T.",226,16.0,46,20,8,5,1260,45,410,6.0,0.0,6.00,0.7479674796747968,0.7317073170731707,1.951219512195122,1.0136205258156477,2.5609756097560976,1.4634146341463417
"6"" Meatball Marinara",301,18.0,60,21,12,8,1000,40,480,7.0,0.5,6.00,0.8333333333333334,0.5555555555555556,1.75,0.974025974025974,1.7361111111111114,1.4583333333333333
"6"" Spicy Italian",222,24.0,46,20,8,5,1490,50,480,9.0,0.5,6.00,0.638888888888889,0.6944444444444445,1.6666666666666665,1.2987012987012987,2.5868055555555554,1.875
"6"" Steak & Cheese",245,10.0,49,26,9,5,1030,50,380,4.5,0.0,6.00,0.8596491228070177,0.8771929824561403,2.736842105263158,0.683526999316473,2.2587719298245617,1.1842105263157896
"6"" Tuna",237,25.0,44,20,7,5,580,40,480,4.5,0.0,6.00,0.611111111111111,0.5555555555555556,1.6666666666666665,1.352813852813853,1.0069444444444444,0.9375
Footlong Chicken & Bacon Ranch Melt,596,60.0,94,76,16,10,2580,190,1220,20.0,1.0,6.00,0.5136612021857924,1.0382513661202186,2.4918032786885247,1.2774111134766872,1.7622950819672132,1.639344262295082
Footlong Cold Cut Combo,452,24.0,92,34,14,10,2060,90,720,7.0,0.0,6.00,0.8518518518518519,0.8333333333333334,1.8888888888888888,0.8658008658008658,2.3842592592592595,0.9722222222222222
Footlong Italian B.M.T.,452,32.0,92,40,16,10,2520,90,820,12.0,0.0,6.00,0.7479674796747968,0.7317073170731707,1.951219512195122,1.0136205258156477,2.5609756097560976,1.4634146341463417
Footlong Meatball Marinara,602,36.0,120,42,24,16,2000,80,960,14.0,1.0,6.00,0.8333333333333334,0.5555555555555556,1.75,0.974025974025974,1.7361111111111114,1.4583333333333333
Footlong Spicy Italian,444,48.0,92,40,16,10,2980,100,960,18.0,1.0,6.00,0.638888888888889,0.6944444444444445,1.6666666666666665,1.2987012987012987,2.5868055555555554,1.875
Footlong Steak & Cheese,490,20.0,98,52,18,10,2060,100,760,9.0,0.0,6.00,0.8596491228070177,0.8771929824561403,2.736842105263158,0.683526999316473,2.2587719298245617,1.1842105263157896
Footlong Tuna,474,50.0,88,40,14,10,1160,80,960,9.0,0.0,5.50,0.611111111111111,0.5555555555555556,1.6666666666666665,1.352813852813853,1.0069444444444444,0.9375
Black Forest Ham on Tomato Basil Wrap,307,12.0,57,27,6,4,1780,50,430,5.0,0.0,6.00,0.8837209302325582,0.7751937984496124,2.511627906976744,0.7248565388100272,3.4496124031007755,1.1627906976744187
Chicken & Bacon Ranch Melt on Tomato Basil Wrap,394,42.0,56,60,5,4,2380,155,850,16.0,1.0,6.00,0.43921568627450985,1.2156862745098038,2.8235294117647056,1.283422459893048,2.3333333333333335,1.8823529411764703
Chipotle Southwest Steak on Tomato Basil Wrap,389,37.0,65,43,8,6,2250,100,760,12.0,1.0,2.50,0.5701754385964912,0.8771929824561403,2.263157894736842,1.264524948735475,2.467105263157895,1.5789473684210527
Cold Cut Combo on Tomato Basil Wrap,314,27.0,57,27,4,3,2230,90,570,10.0,0.5,6.00,0.6666666666666667,1.0526315789473684,1.8947368421052633,1.2303485987696514,3.2602339181286553,1.7543859649122806
Italian B.M.T. on Tomato Basil Wrap,314,36.0,57,32,6,4,2700,90,670,14.0,0.5,6.00,0.5671641791044777,0.8955223880597015,1.9104477611940298,1.3956193060670672,3.3582089552238803,2.0895522388059704
Meatball Marinara on Tomato Basil Wrap,381,40.0,81,34,12,8,2200,80,820,16.0,2.0,6.00,0.6585365853658537,0.6504065040650407,1.6585365853658538,1.2670256572695597,2.2357723577235773,1.951219512195122
Oven Roasted Chicken Breast on Spinach Wrap,335,13.0,56,38,5,4,1460,90,500,5.0,0.0,4.25,0.7466666666666667,1.2,3.04,0.6753246753246753,2.4333333333333336,1.0
Roast Beef on Spinach Wrap,335,13.0,54,42,5,4,1560,90,500,5.0,0.0,4.75,0.72,1.2,3.3600000000000003,0.6753246753246753,2.6,1.0
Rotisserie-Style Chicken Caesar on Spinach Wrap,365,34.0,54,55,4,3,1900,135,730,10.0,0.5,2.50,0.4931506849315069,1.2328767123287672,3.013698630136986,1.2097491549546344,2.168949771689498,1.36986301369863
Rotisserie-Style Chicken on Spinach Wrap,364,15.0,54,51,4,3,1560,110,550,5.0,0.0,2.50,0.6545454545454545,1.3333333333333335,3.709090909090909,0.7083825265643447,2.3636363636363638,0.9090909090909091
Spicy Italian on Tomato Wrap,304,52.0,56,32,6,4,3140,105,820,20.0,1.0,3.50,0.4552845528455285,0.853658536585366,1.5609756097560976,1.6471333544504276,3.1910569105691056,2.4390243902439024
Steak & Cheese on Tomato Basil Wrap,269,19.0,59,41,5,3,2030,90,570,9.0,1.0,6.00,0.6900584795321638,1.0526315789473684,2.8771929824561404,0.8658008658008658,2.9678362573099415,1.5789473684210527
Subway Club on Spinach Wrap,349,13.0,56,39,5,4,1920,75,490,5.0,0.0,4.75,0.7619047619047619,1.0204081632653061,3.183673469387755,0.6891068115557911,3.2653061224489797,1.0204081632653061
Sweet Onion Chicken Teriyaki on Tomato Basil Wrap,385,12.0,71,42,14,4,1630,100,550,4.0,0.0,6.00,0.8606060606060606,1.2121212121212122,3.0545454545454547,0.5667060212514758,2.46969696969697,0.7272727272727273
Tuna on Tomato Basil Wrap,335,54.0,53,33,3,3,1330,75,820,11.0,0.5,2.50,0.43089430894308944,0.6097560975609756,1.6097560975609757,1.7104846373139058,1.3516260162601628,1.3414634146341464
"Turkey, Bacon & Guacamole on Tomato Basil Wrap",380,42.0,62,43,6,5,2960,75,810,13.0,0.5,7.50,0.5102880658436214,0.6172839506172839,2.123456790123457,1.3468013468013467,3.045267489711934,1.6049382716049383
Turkey Breast on Spinach Wrap,307,10.0,57,28,4,3,1760,40,430,4.0,0.0,4.25,0.8837209302325582,0.6201550387596899,2.604651162790698,0.6040471156750227,3.410852713178295,0.9302325581395349
Veggie Delite on Spinach Wrap,285,8.0,56,10,5,4,800,0,330,3.0,0.0,3.75,1.1313131313131315,0.0,1.2121212121212122,0.6296733569460842,2.0202020202020203,0.9090909090909091
Kids Black Forest Ham,136,2.5,30,10,5,3,450,10,180,0.5,0.0,6.00,1.1111111111111112,0.37037037037037035,2.2222222222222223,0.3607503607503607,2.0833333333333335,0.2777777777777778
Kids Roast Beef,146,3.0,30,14,5,4,390,25,200,1.0,0.0,6.00,1.0,0.8333333333333334,2.8000000000000003,0.3896103896103896,1.625,0.5
Kids Turkey Breast,136,2.0,30,10,5,3,430,10,180,0.5,0.0,6.00,1.1111111111111112,0.37037037037037035,2.2222222222222223,0.28860028860028863,1.9907407407407407,0.2777777777777778
Kids Veggie Delite,108,1.5,29,6,4,3,190,0,150,0.0,0.0,5.00,1.288888888888889,0.0,1.6,0.2597402597402597,1.0555555555555556,0.0
"6"" Applewood Pulled Pork",276,9.0,62,23,24,5,980,45,420,2.0,0.0,1.50,0.9841269841269842,0.7142857142857143,2.1904761904761907,0.5565862708719852,1.9444444444444446,0.4761904761904762
"6"" B.L.T.",165,13.0,44,20,7,5,1130,20,380,4.5,0.0,6.00,0.7719298245614036,0.3508771929824561,2.1052631578947367,0.8885850991114149,2.4780701754385968,1.1842105263157896
"6"" BBQ Rib Melt",255,29.0,49,24,10,5,840,60,550,11.0,0.0,6.00,0.593939393939394,0.7272727272727273,1.7454545454545456,1.369539551357733,1.272727272727273,2.0
"6"" Big Cheesy",126,17.0,43,18,5,4,980,45,390,10.0,0.5,6.00,0.7350427350427351,0.7692307692307693,1.8461538461538463,1.132201132201132,2.094017094017094,2.564102564102564
"6"" Buffalo Chicken Rotisserie-Style",283,17.0,47,29,8,6,1270,60,460,3.0,0.0,7.75,0.6811594202898551,0.8695652173913043,2.5217391304347823,0.9599096555618295,2.300724637681159,0.6521739130434783
"6"" Buffalo Chicken with Chicken Strips",269,16.0,46,25,8,6,1100,55,420,3.0,0.0,4.75,0.7301587301587302,0.8730158730158731,2.380952380952381,0.9894867037724181,2.182539682539683,0.7142857142857143
"6"" Caesar Chicken Melt with Chicken Strips",268,22.0,46,29,7,5,800,75,490,6.0,0.5,8.75,0.6258503401360545,1.0204081632653061,2.36734693877551,1.1661807580174925,1.360544217687075,1.2244897959183674
"6"" Chicken Caesar Melt Rotisserie Style",283,24.0,46,34,8,5,1010,75,520,6.0,0.5,7.75,0.5897435897435898,0.9615384615384615,2.6153846153846154,1.1988011988011988,1.6185897435897436,1.153846153846154
"6"" Chicken Parmesan",277,16.0,63,24,10,6,1000,35,480,5.0,0.5,7.50,0.8750000000000001,0.48611111111111116,2.0,0.8658008658008658,1.7361111111111114,1.0416666666666665
"6"" Chicken Pizziola Melt",293,15.0,50,32,10,6,1140,80,460,6.0,0.5,6.00,0.7246376811594203,1.1594202898550725,2.782608695652174,0.846979107848673,2.0652173913043477,1.3043478260869565
"6"" Chicken Salad",170,10.0,51,19,12,6,660,45,370,2.0,0.0,7.50,0.918918918918919,0.8108108108108109,2.0540540540540544,0.7020007020007021,1.4864864864864866,0.5405405405405406
"6"" Chicken Strips",233,4.0,44,25,7,5,490,50,310,1.0,0.0,7.50,0.946236559139785,1.075268817204301,3.225806451612903,0.3351487222454964,1.3172043010752688,0.3225806451612903
"6"" Corned Beef Reuben",328,15.0,52,39,13,7,1720,85,490,5.0,0.5,6.00,0.7074829931972789,1.1564625850340136,3.183673469387755,0.795123244102836,2.925170068027211,1.0204081632653061
"6"" Crunchy Chicken Enchilada",303,26.0,60,26,10,7,1120,20,580,7.0,0.5,4.75,0.6896551724137931,0.22988505747126436,1.793103448275862,1.1643528884908194,1.6091954022988506,1.206896551724138
"6"" Cubano",307,14.0,48,32,9,5,1430,70,460,4.5,0.0,6.00,0.6956521739130435,1.0144927536231885,2.782608695652174,0.7905138339920948,2.5905797101449277,0.9782608695652175
"6"" Egg Salad",247,26.0,45,17,7,5,450,255,480,5.0,0.0,0.75,0.625,3.541666666666667,1.4166666666666665,1.406926406926407,0.78125,1.0416666666666665
"6"" Falafel",276,24.0,73,18,8,13,1050,10,580,4.0,0.5,6.00,0.839080459770115,0.11494252873563218,1.2413793103448276,1.0747872816838333,1.5086206896551724,0.6896551724137931
"6"" Italian Hero",266,29.0,47,26,9,5,1470,75,550,9.0,0.5,6.00,0.5696969696969697,0.9090909090909091,1.8909090909090909,1.369539551357733,2.2272727272727275,1.6363636363636365
"6"" Italian Hero Supreme",302,27.0,54,29,14,5,1660,90,570,11.0,0.5,6.00,0.6315789473684211,1.0526315789473684,2.0350877192982457,1.2303485987696514,2.426900584795322,1.9298245614035088
"6"" Malibu Garden Vegan Patty",247,10.0,64,13,8,9,780,0,380,2.0,0.0,6.00,1.1228070175438596,0.0,1.368421052631579,0.683526999316473,1.710526315789474,0.5263157894736842
"6"" Mediterranean Chicken",283,20.0,46,30,7,5,930,70,490,6.0,0.0,6.00,0.6258503401360545,0.9523809523809523,2.4489795918367347,1.0601643254704478,1.5816326530612246,1.2244897959183674
"6"" Mediterranean Steak",283,22.0,49,29,9,5,1270,60,520,7.0,0.5,6.00,0.6282051282051282,0.7692307692307693,2.230769230769231,1.098901098901099,2.0352564102564106,1.3461538461538463
"6"" Orchard Chicken Salad",247,8.0,54,20,15,6,530,40,370,1.5,0.0,6.00,0.972972972972973,0.7207207207207208,2.1621621621621623,0.5616005616005616,1.1936936936936937,0.40540540540540543
"6"" Pastrami",230,17.0,46,20,8,5,980,50,420,7.0,0.0,6.00,0.7301587301587302,0.7936507936507936,1.9047619047619047,1.0513296227581943,1.9444444444444446,1.6666666666666667
"6"" Pastrami Melt, Big Hot",287,28.0,47,29,8,5,1470,85,580,11.0,0.0,1.80,0.5402298850574713,0.9770114942528735,2.0,1.2539184952978055,2.1120689655172415,1.896551724137931
"6"" Pepperoni",198,17.0,45,16,8,5,1080,30,390,6.0,0.5,1.50,0.7692307692307693,0.5128205128205129,1.641025641025641,1.132201132201132,2.307692307692308,1.5384615384615385
"6"" Pizza Sub Melt",195,24.0,49,20,9,5,1640,55,490,10.0,0.5,6.00,0.6666666666666667,0.7482993197278912,1.6326530612244896,1.2721971905645375,2.789115646258504,2.0408163265306123
"6"" Sea Salt & Pepper Fish",286,19.0,74,21,8,7,1130,40,600,4.5,0.0,4.75,0.8222222222222223,0.4444444444444445,1.4000000000000001,0.8225108225108225,1.5694444444444444,0.75
"6"" Subway Melt",246,13.0,48,26,9,5,1410,40,410,5.0,0.5,6.00,0.7804878048780488,0.6504065040650407,2.5365853658536586,0.8235666772252138,2.8658536585365852,1.2195121951219512
"6"" Subway Seafood SensationTM",233,19.0,51,13,8,5,780,15,420,3.0,0.0,6.00,0.8095238095238095,0.23809523809523808,1.2380952380952381,1.1750154607297465,1.5476190476190477,0.7142857142857143
"6"" Turkey & Bacon",234,9.0,47,23,8,5,1190,30,360,3.0,0.0,7.50,0.8703703703703705,0.5555555555555556,2.5555555555555554,0.6493506493506493,2.7546296296296298,0.8333333333333334
"6"" Turkey & Bacon Avocado",270,14.0,50,24,8,7,1190,30,420,3.5,0.0,7.50,0.7936507936507936,0.47619047619047616,2.2857142857142856,0.8658008658008658,2.361111111111111,0.8333333333333334
"6"" Turkey & Bacon Guacamole",270,15.0,50,24,8,7,1280,30,440,4.0,0.0,7.50,0.7575757575757576,0.45454545454545453,2.1818181818181817,0.8854781582054309,2.4242424242424243,0.9090909090909091
"6"" Turkey Breast & Black Forest Ham",219,4.0,46,18,8,5,780,20,280,1.0,0.0,6.00,1.0952380952380953,0.47619047619047616,2.571428571428571,0.37105751391465674,2.3214285714285716,0.35714285714285715
"6"" Turkey Italiano Melt",252,23.0,48,22,9,5,1560,50,480,8.0,0.5,6.00,0.6666666666666667,0.6944444444444445,1.8333333333333333,1.2445887445887447,2.7083333333333335,1.6666666666666667
"6"" Veggie Patty",247,10.0,52,21,9,8,800,0,390,3.0,0.0,6.00,0.888888888888889,0.0,2.153846153846154,0.666000666000666,1.7094017094017093,0.7692307692307693
Footlong Applewood Pulled Pork,552,18.0,124,46,48,10,1960,90,840,4.0,0.0,1.50,0.9841269841269842,0.7142857142857143,2.1904761904761907,0.5565862708719852,1.9444444444444446,0.4761904761904762
Footlong B.L.T.,330,26.0,88,40,14,10,2260,40,760,9.0,0.0,6.00,0.7719298245614036,0.3508771929824561,2.1052631578947367,0.8885850991114149,2.4780701754385968,1.1842105263157896
Footlong BBQ Rib Melt,510,58.0,98,48,20,10,1680,120,1100,22.0,0.0,5.50,0.593939393939394,0.7272727272727273,1.7454545454545456,1.369539551357733,1.272727272727273,2.0
Footlong Big Cheesy,252,34.0,86,36,10,8,1960,90,780,20.0,1.0,5.50,0.7350427350427351,0.7692307692307693,1.8461538461538463,1.132201132201132,2.094017094017094,2.564102564102564
Footlong Buffalo Chicken Rotisserie-Style,566,34.0,94,58,16,12,2540,120,920,6.0,0.0,7.75,0.6811594202898551,0.8695652173913043,2.5217391304347823,0.9599096555618295,2.300724637681159,0.6521739130434783
Footlong Buffalo Chicken with Chicken Strips,538,32.0,92,50,16,12,2200,110,840,6.0,0.0,4.75,0.7301587301587302,0.8730158730158731,2.380952380952381,0.9894867037724181,2.182539682539683,0.7142857142857143
Footlong Caesar Chicken Melt with Chicken Strips,536,44.0,92,58,14,10,1600,150,980,12.0,1.0,8.75,0.6258503401360545,1.0204081632653061,2.36734693877551,1.1661807580174925,1.360544217687075,1.2244897959183674
Footlong Chicken Caesar Melt Rotisserie Style,566,48.0,92,68,16,10,2020,150,1040,12.0,1.0,5.25,0.5897435897435898,0.9615384615384615,2.6153846153846154,1.1988011988011988,1.6185897435897436,1.153846153846154
Footlong Chicken Parmesan,554,32.0,126,48,20,12,2000,70,960,10.0,1.0,7.50,0.8750000000000001,0.48611111111111116,2.0,0.8658008658008658,1.7361111111111114,1.0416666666666665
Footlong Chicken Pizziola Melt,586,30.0,100,64,20,12,2280,160,920,12.0,1.0,2.50,0.7246376811594203,1.1594202898550725,2.782608695652174,0.846979107848673,2.0652173913043477,1.3043478260869565
Footlong Chicken Salad,340,20.0,102,38,24,12,1320,90,740,4.0,0.0,7.50,0.918918918918919,0.8108108108108109,2.0540540540540544,0.7020007020007021,1.4864864864864866,0.5405405405405406
Footlong Chicken Strips,466,8.0,88,50,14,10,980,100,620,2.0,0.0,7.50,0.946236559139785,1.075268817204301,3.225806451612903,0.3351487222454964,1.3172043010752688,0.3225806451612903
Footlong Corned Beef Reuben,656,30.0,104,78,26,14,3440,170,980,10.0,1.0,6.00,0.7074829931972789,1.1564625850340136,3.183673469387755,0.795123244102836,2.925170068027211,1.0204081632653061
Footlong Crunchy Chicken Enchilada,606,52.0,120,52,20,14,2240,40,1160,14.0,1.0,4.75,0.6896551724137931,0.22988505747126436,1.793103448275862,1.1643528884908194,1.6091954022988506,1.206896551724138
Footlong Cubano,614,28.0,96,64,18,10,2860,140,920,9.0,0.0,5.50,0.6956521739130435,1.0144927536231885,2.782608695652174,0.7905138339920948,2.5905797101449277,0.9782608695652175
Footlong Egg Salad,494,52.0,90,34,14,10,900,510,960,10.0,0.0,5.50,0.625,3.541666666666667,1.4166666666666665,1.406926406926407,0.78125,1.0416666666666665
Footlong Falafel,552,48.0,146,36,16,26,2100,20,1160,8.0,1.0,5.50,0.839080459770115,0.11494252873563218,1.2413793103448276,1.0747872816838333,1.5086206896551724,0.6896551724137931
Footlong Italian Hero,532,58.0,94,52,18,10,2940,150,1100,18.0,1.0,6.00,0.5696969696969697,0.9090909090909091,1.8909090909090909,1.369539551357733,2.2272727272727275,1.6363636363636365
Footlong Italian Hero Supreme,604,54.0,108,58,28,10,3320,180,1140,22.0,1.0,6.00,0.6315789473684211,1.0526315789473684,2.0350877192982457,1.2303485987696514,2.426900584795322,1.9298245614035088
Footlong Malibu Garden Vegan Patty,494,20.0,128,26,16,18,1560,0,760,4.0,0.0,6.00,1.1228070175438596,0.0,1.368421052631579,0.683526999316473,1.710526315789474,0.5263157894736842
Footlong Mediterranean Chicken,566,40.0,92,60,14,10,1860,140,980,12.0,0.0,6.00,0.6258503401360545,0.9523809523809523,2.4489795918367347,1.0601643254704478,1.5816326530612246,1.2244897959183674
Footlong Mediterranean Steak,566,44.0,98,58,18,10,2540,120,1040,14.0,1.0,6.00,0.6282051282051282,0.7692307692307693,2.230769230769231,1.098901098901099,2.0352564102564106,1.3461538461538463
Footlong Orchard Chicken Salad,494,16.0,108,40,30,12,1060,80,740,3.0,0.0,7.50,0.972972972972973,0.7207207207207208,2.1621621621621623,0.5616005616005616,1.1936936936936937,0.40540540540540543
Footlong Pastrami,460,34.0,92,40,16,10,1960,100,840,14.0,0.0,5.50,0.7301587301587302,0.7936507936507936,1.9047619047619047,1.0513296227581943,1.9444444444444446,1.6666666666666667
"Footlong Pastrami Melt, Big Hot",574,56.0,94,58,16,10,2940,170,1160,22.0,0.0,5.50,0.5402298850574713,0.9770114942528735,2.0,1.2539184952978055,2.1120689655172415,1.896551724137931
Footlong Pepperoni,396,34.0,90,32,16,10,2160,60,780,12.0,1.0,5.50,0.7692307692307693,0.5128205128205129,1.641025641025641,1.132201132201132,2.307692307692308,1.5384615384615385
Footlong Pizza Sub Melt,390,48.0,98,40,18,10,3280,110,980,20.0,1.0,6.00,0.6666666666666667,0.7482993197278912,1.6326530612244896,1.2721971905645375,2.789115646258504,2.0408163265306123
Footlong Sea Salt & Pepper Fish,572,38.0,148,42,16,14,2260,80,1200,9.0,0.0,1.50,0.8222222222222223,0.4444444444444445,1.4000000000000001,0.8225108225108225,1.5694444444444444,0.75
Footlong Subway Melt,492,26.0,96,52,18,10,2820,80,820,10.0,1.0,6.00,0.7804878048780488,0.6504065040650407,2.5365853658536586,0.8235666772252138,2.8658536585365852,1.2195121951219512
Footlong Subway Seafood SensationTM,466,38.0,102,26,16,10,1560,30,840,6.0,0.0,6.00,0.8095238095238095,0.23809523809523808,1.2380952380952381,1.1750154607297465,1.5476190476190477,0.7142857142857143
Footlong Turkey & Bacon,468,18.0,94,46,16,10,2380,60,720,6.0,0.0,7.50,0.8703703703703705,0.5555555555555556,2.5555555555555554,0.6493506493506493,2.7546296296296298,0.8333333333333334
Footlong Turkey & Bacon Avocado,540,28.0,100,48,16,14,2380,60,840,7.0,0.0,7.50,0.7936507936507936,0.47619047619047616,2.2857142857142856,0.8658008658008658,2.361111111111111,0.8333333333333334
Footlong Turkey & Bacon Guacamole,540,30.0,100,48,16,14,2560,60,880,8.0,0.0,7.50,0.7575757575757576,0.45454545454545453,2.1818181818181817,0.8854781582054309,2.4242424242424243,0.9090909090909091
Footlong Turkey Breast & Black Forest Ham,438,8.0,92,36,16,10,1560,40,560,2.0,0.0,6.00,1.0952380952380953,0.47619047619047616,2.571428571428571,0.37105751391465674,2.3214285714285716,0.35714285714285715
Footlong Turkey Italiano Melt,504,46.0,96,44,18,10,3120,100,960,16.0,1.0,4.25,0.6666666666666667,0.6944444444444445,1.8333333333333333,1.2445887445887447,2.7083333333333335,1.6666666666666667
Footlong Veggie Patty,494,20.0,104,42,18,16,1600,0,780,6.0,0.0,6.00,0.888888888888889,0.0,2.153846153846154,0.666000666000666,1.7094017094017093,0.7692307692307693
Black Forest Ham Salad,344,3.0,13,12,8,4,600,25,110,1.0,0.0,6.00,0.7878787878787878,1.5151515151515151,4.363636363636363,0.7083825265643447,4.545454545454545,0.9090909090909091
Oven Roasted Chicken Salad,358,3.5,13,17,7,4,410,45,150,1.0,0.0,6.00,0.5777777777777778,2.0,4.533333333333333,0.6060606060606061,2.277777777777778,0.6666666666666667
Roast Beef Salad,358,3.5,12,19,7,4,460,45,140,1.0,0.0,6.00,0.5714285714285715,2.1428571428571432,5.428571428571428,0.6493506493506493,2.738095238095238,0.7142857142857143
Rotisserie-Style Chicken Salad,372,4.5,12,23,6,4,460,55,170,1.0,0.0,2.50,0.47058823529411764,2.1568627450980395,5.411764705882352,0.6875477463712758,2.254901960784314,0.5882352941176471
Subway Club Salad,365,3.0,13,18,7,4,640,40,140,1.0,0.0,6.00,0.6190476190476191,1.9047619047619047,5.142857142857142,0.5565862708719852,3.8095238095238093,0.7142857142857143
Sweet Onion Chicken Teriyaki Salad,415,3.0,34,19,23,4,650,50,230,1.0,0.0,6.00,0.9855072463768116,1.4492753623188406,3.304347826086956,0.3387916431394692,2.355072463768116,0.43478260869565216
Turkey Breast Salad,344,2.0,13,12,7,4,560,20,110,0.5,0.0,6.00,0.7878787878787878,1.2121212121212122,4.363636363636363,0.47225501770956313,4.242424242424242,0.45454545454545453
Veggie Delite Salad,287,1.0,11,3,6,4,80,0,60,0.0,0.0,5.00,1.222222222222222,0.0,2.0,0.4329004329004329,1.1111111111111112,0.0
Chicken & Bacon Ranch Melt Salad,445,40.0,15,32,9,4,1290,100,540,12.0,1.0,6.00,0.18518518518518517,1.2345679012345678,2.3703703703703702,1.924001924001924,1.9907407407407407,2.2222222222222223
Cold Cut Combo Salad,351,10.0,13,12,7,4,830,45,180,4.0,0.0,6.00,0.48148148148148145,1.6666666666666667,2.6666666666666665,1.4430014430014428,3.8425925925925926,2.2222222222222223
Italian B.M.T. Salad,351,15.0,13,14,8,4,1060,45,230,6.0,0.0,6.00,0.37681159420289856,1.3043478260869565,2.4347826086956523,1.693958215697346,3.8405797101449277,2.608695652173913
Meatball Marinara Salad,426,17.0,27,15,12,6,790,40,310,7.0,1.0,6.00,0.5806451612903226,0.8602150537634409,1.935483870967742,1.42438206954336,2.1236559139784945,2.258064516129032
Spicy Italian Salad,347,23.0,13,14,8,4,1290,50,310,9.0,0.5,6.00,0.2795698924731183,1.075268817204301,1.8064516129032258,1.9271051529116043,3.467741935483871,2.903225806451613
Steak & Cheese Salad,370,8.0,16,20,8,4,830,50,210,4.0,0.0,6.00,0.507936507936508,1.5873015873015872,3.8095238095238093,0.9894867037724181,3.293650793650794,1.9047619047619049
Tuna Salad,362,24.0,11,15,6,4,380,40,310,4.0,0.0,6.00,0.23655913978494625,0.8602150537634409,1.935483870967742,2.0108923334729787,1.021505376344086,1.2903225806451613
"6"" Bacon, Egg & Cheese",190,18.0,44,25,6,4,1310,180,450,7.0,0.0,3.50,0.6518518518518519,2.666666666666667,2.2222222222222223,1.0389610389610389,2.425925925925926,1.5555555555555556
"6"" Bacon, Egg & Cheese Flatbread",198,21.0,43,25,3,4,1370,180,460,7.0,0.0,3.50,0.6231884057971014,2.608695652173913,2.1739130434782608,1.1857707509881423,2.4818840579710146,1.5217391304347827
"6"" Bacon, Egg White & Cheese",190,13.0,45,26,6,4,1340,20,410,4.0,0.0,3.50,0.7317073170731707,0.3252032520325204,2.5365853658536586,0.8235666772252138,2.7235772357723578,0.975609756097561
"6"" Bacon, Egg White & Cheese Flatbread",198,15.0,44,26,3,4,1410,20,430,5.0,0.0,3.50,0.6821705426356589,0.31007751937984496,2.4186046511627906,0.906070673512534,2.7325581395348837,1.1627906976744187
"6"" Black Forest Ham, Egg & Cheese",203,14.0,45,24,6,4,1150,185,400,5.0,0.0,6.00,0.75,3.0833333333333335,2.4,0.9090909090909092,2.3958333333333335,1.25
"6"" Black Forest Ham, Egg & Cheese Flatbread",211,16.0,44,23,3,4,1210,185,410,5.0,0.0,3.50,0.7154471544715447,3.008130081300813,2.2439024390243905,1.0136205258156477,2.459349593495935,1.2195121951219512
"6"" Black Forest Ham, Egg White & Cheese",203,9.0,45,25,6,4,1180,25,360,2.5,0.0,3.50,0.8333333333333334,0.462962962962963,2.7777777777777777,0.6493506493506493,2.7314814814814814,0.6944444444444444
"6"" Black Forest Ham, Egg White & Cheese Flatbread",211,11.0,44,25,3,4,1250,25,370,2.5,0.0,3.50,0.7927927927927929,0.4504504504504505,2.7027027027027026,0.7722007722007722,2.8153153153153156,0.6756756756756757
"6"" Breakfast B.M.T",261,23.0,47,29,7,5,1630,205,500,8.0,0.0,6.00,0.6266666666666667,2.7333333333333334,2.3200000000000003,1.1948051948051948,2.716666666666667,1.6
"6"" Breakfast B.M.T Flatbread",270,25.0,46,28,5,5,1690,205,520,8.0,0.0,6.00,0.5897435897435898,2.628205128205128,2.153846153846154,1.2487512487512489,2.7083333333333335,1.5384615384615385
"6"" Breakfast B.M.T Flatbread with Egg White",270,20.0,46,30,5,4,1730,45,480,6.0,0.0,4.25,0.638888888888889,0.625,2.5,1.0822510822510822,3.0034722222222223,1.25
"6"" Breakfast B.M.T with Egg White",261,17.0,47,30,7,5,1670,45,470,6.0,0.0,4.25,0.6666666666666667,0.6382978723404256,2.553191489361702,0.9394860458690245,2.9609929078014185,1.276595744680851
"6"" Egg & Cheese",174,13.0,44,19,5,4,880,170,370,4.5,0.0,6.00,0.7927927927927929,3.0630630630630633,2.0540540540540544,0.9126009126009127,1.9819819819819822,1.2162162162162162
"6"" Egg & Cheese Flatbread",183,15.0,42,19,2,4,950,170,380,5.0,0.0,3.50,0.7368421052631579,2.982456140350877,2.0,1.0252904989747094,2.0833333333333335,1.3157894736842104
"6"" Egg White & Cheese",174,8.0,44,20,5,4,920,10,330,2.0,0.0,6.00,0.888888888888889,0.20202020202020204,2.4242424242424243,0.6296733569460842,2.3232323232323235,0.6060606060606061
"6"" Egg White & Cheese Flatbread",183,10.0,43,20,2,4,980,10,340,2.5,0.0,3.50,0.8431372549019608,0.19607843137254902,2.3529411764705883,0.7639419404125286,2.4019607843137254,0.7352941176470588
"6"" Mega Melt",246,29.0,45,35,6,4,1830,215,590,11.0,0.0,6.00,0.5084745762711865,2.4293785310734464,2.3728813559322033,1.2766894122826327,2.5847457627118646,1.864406779661017
"6"" Mega Melt Flatbread",255,31.0,44,34,3,4,1890,215,600,11.0,0.0,3.50,0.48888888888888893,2.388888888888889,2.2666666666666666,1.341991341991342,2.625,1.8333333333333333
"6"" Mega Melt Flatbread with Egg White",255,26.0,45,36,3,4,1930,55,560,9.0,0.0,3.50,0.5357142857142858,0.6547619047619048,2.571428571428571,1.2059369202226344,2.8720238095238098,1.607142857142857
"6"" Mega Melt with Egg White",246,24.0,46,36,6,4,1860,55,550,9.0,0.0,5.25,0.5575757575757576,0.6666666666666667,2.618181818181818,1.1334120425029517,2.8181818181818183,1.6363636363636365
"6"" Sausage, Egg & Cheese",231,24.0,45,29,6,4,1400,205,510,9.0,0.0,6.00,0.5882352941176471,2.6797385620915035,2.2745098039215685,1.2223071046600458,2.2875816993464055,1.7647058823529411
"6"" Sausage, Egg & Cheese Flatbread",240,26.0,44,29,3,4,1470,205,520,9.0,0.0,3.50,0.5641025641025642,2.628205128205128,2.230769230769231,1.2987012987012987,2.355769230769231,1.7307692307692308
"6"" Sausage, Egg White & Cheese",231,18.0,45,30,5,4,1440,45,470,7.0,0.0,6.00,0.6382978723404256,0.6382978723404256,2.553191489361702,0.9947499309201436,2.5531914893617023,1.4893617021276597
"6"" Sausage, Egg White & Cheese Flatbread",240,21.0,44,30,3,4,1500,45,480,7.0,0.0,3.50,0.611111111111111,0.625,2.5,1.1363636363636362,2.604166666666667,1.4583333333333333
"6"" Steak, Egg & Cheese",217,15.0,46,28,6,4,1210,195,440,6.0,0.0,6.00,0.6969696969696969,2.9545454545454546,2.545454545454545,0.8854781582054309,2.291666666666667,1.3636363636363635
"6"" Steak, Egg & Cheese Flatbread",225,18.0,45,28,4,4,1280,195,450,6.0,0.0,3.50,0.6666666666666667,2.8888888888888893,2.488888888888889,1.0389610389610389,2.3703703703703707,1.3333333333333335
"6"" Steak, Egg White & Cheese",217,10.0,46,29,6,4,1250,35,400,3.0,0.0,6.00,0.7666666666666667,0.5833333333333334,2.9,0.6493506493506493,2.604166666666667,0.75
"6"" Steak, Egg White & Cheese Flatbread",225,12.0,45,29,3,4,1320,35,410,3.0,0.0,3.50,0.7317073170731707,0.5691056910569107,2.8292682926829267,0.7602153943617359,2.682926829268293,0.7317073170731708
"6"" Sunrise Subway Melt",281,20.0,48,34,8,5,1810,205,510,7.0,0.0,6.00,0.6274509803921569,2.6797385620915035,2.6666666666666665,1.0185892538833714,2.957516339869281,1.3725490196078431
"6"" Sunrise Subway Melt Flatbread",290,22.0,47,34,5,4,1880,205,530,7.0,0.0,6.00,0.5911949685534591,2.578616352201258,2.5660377358490565,1.0781671159029649,2.955974842767296,1.3207547169811322
"6"" Sunrise Subway Melt Flatbread with Egg White",290,17.0,47,35,5,4,1910,40,490,5.0,0.0,7.75,0.6394557823129252,0.5442176870748299,2.8571428571428568,0.9011396766498807,3.2482993197278915,1.0204081632653061
"6"" Sunrise Subway Melt with Egg White",281,15.0,48,36,8,5,1850,40,470,5.0,0.0,4.75,0.6808510638297872,0.5673758865248227,3.0638297872340425,0.8289582757667864,3.280141843971631,1.0638297872340425
"Footlong Bacon, Egg & Cheese",380,36.0,88,50,12,8,2620,360,900,14.0,0.0,3.50,0.6518518518518519,2.666666666666667,2.2222222222222223,1.0389610389610389,2.425925925925926,1.5555555555555556
"Footlong Bacon, Egg & Cheese Flatbread",396,42.0,86,50,6,8,2740,360,920,14.0,0.0,3.50,0.6231884057971014,2.608695652173913,2.1739130434782608,1.1857707509881423,2.4818840579710146,1.5217391304347827
"Footlong Bacon, Egg White & Cheese",380,26.0,90,52,12,8,2680,40,820,8.0,0.0,3.50,0.7317073170731707,0.3252032520325204,2.5365853658536586,0.8235666772252138,2.7235772357723578,0.975609756097561
"Footlong Bacon, Egg White & Cheese Flatbread",396,30.0,88,52,6,8,2820,40,860,10.0,0.0,3.50,0.6821705426356589,0.31007751937984496,2.4186046511627906,0.906070673512534,2.7325581395348837,1.1627906976744187
"Footlong Black Forest Ham, Egg & Cheese",406,28.0,90,48,12,8,2300,370,800,10.0,0.0,3.50,0.75,3.0833333333333335,2.4,0.9090909090909092,2.3958333333333335,1.25
"Footlong Black Forest Ham, Egg & Cheese Flatbread",422,32.0,88,46,6,8,2420,370,820,10.0,0.0,3.50,0.7154471544715447,3.008130081300813,2.2439024390243905,1.0136205258156477,2.459349593495935,1.2195121951219512
"Footlong Black Forest Ham, Egg White & Cheese",406,18.0,90,50,12,8,2360,50,720,5.0,0.0,3.50,0.8333333333333334,0.462962962962963,2.7777777777777777,0.6493506493506493,2.7314814814814814,0.6944444444444444
"Footlong Black Forest Ham, Egg White & Cheese Flatbread",422,22.0,88,50,6,8,2500,50,740,5.0,0.0,3.50,0.7927927927927929,0.4504504504504505,2.7027027027027026,0.7722007722007722,2.8153153153153156,0.6756756756756757
Footlong Breakfast B.M.T,522,46.0,94,58,14,10,3260,410,1000,16.0,0.0,6.00,0.6266666666666667,2.7333333333333334,2.3200000000000003,1.1948051948051948,2.716666666666667,1.6
Footlong Breakfast B.M.T Flatbread,540,50.0,92,56,10,10,3380,410,1040,16.0,0.0,3.50,0.5897435897435898,2.628205128205128,2.153846153846154,1.2487512487512489,2.7083333333333335,1.5384615384615385
Footlong Breakfast B.M.T Flatbread with Egg White,540,40.0,92,60,10,8,3460,90,960,12.0,0.0,3.50,0.638888888888889,0.625,2.5,1.0822510822510822,3.0034722222222223,1.25
Footlong Breakfast B.M.T with Egg White,522,34.0,94,60,14,10,3340,90,940,12.0,0.0,4.25,0.6666666666666667,0.6382978723404256,2.553191489361702,0.9394860458690245,2.9609929078014185,1.276595744680851
Footlong Egg & Cheese,348,26.0,88,38,10,8,1760,340,740,9.0,0.0,6.00,0.7927927927927929,3.0630630630630633,2.0540540540540544,0.9126009126009127,1.9819819819819822,1.2162162162162162
Footlong Egg & Cheese Flatbread,366,30.0,84,38,4,8,1900,340,760,10.0,0.0,3.50,0.7368421052631579,2.982456140350877,2.0,1.0252904989747094,2.0833333333333335,1.3157894736842104
Footlong Egg White & Cheese,348,16.0,88,40,10,8,1840,20,660,4.0,0.0,6.00,0.888888888888889,0.20202020202020204,2.4242424242424243,0.6296733569460842,2.3232323232323235,0.6060606060606061
Footlong Egg White & Cheese Flatbread,366,20.0,86,40,4,8,1960,20,680,5.0,0.0,3.50,0.8431372549019608,0.19607843137254902,2.3529411764705883,0.7639419404125286,2.4019607843137254,0.7352941176470588
Footlong Mega Melt,492,58.0,90,70,12,8,3660,430,1180,22.0,0.0,5.50,0.5084745762711865,2.4293785310734464,2.3728813559322033,1.2766894122826327,2.5847457627118646,1.864406779661017
Footlong Mega Melt Flatbread,510,62.0,88,68,6,8,3780,430,1200,22.0,0.0,3.50,0.48888888888888893,2.388888888888889,2.2666666666666666,1.341991341991342,2.625,1.8333333333333333
Footlong Mega Melt Flatbread with Egg White,510,52.0,90,72,6,8,3860,110,1120,18.0,0.0,3.50,0.5357142857142858,0.6547619047619048,2.571428571428571,1.2059369202226344,2.8720238095238098,1.607142857142857
Footlong Mega Melt with Egg White,492,48.0,92,72,12,8,3720,110,1100,18.0,0.0,5.25,0.5575757575757576,0.6666666666666667,2.618181818181818,1.1334120425029517,2.8181818181818183,1.6363636363636365
"Footlong Sausage, Egg & Cheese",462,48.0,90,58,12,8,2800,410,1020,18.0,0.0,6.00,0.5882352941176471,2.6797385620915035,2.2745098039215685,1.2223071046600458,2.2875816993464055,1.7647058823529411
"Footlong Sausage, Egg & Cheese Flatbread",480,52.0,88,58,6,8,2940,410,1040,18.0,0.0,3.50,0.5641025641025642,2.628205128205128,2.230769230769231,1.2987012987012987,2.355769230769231,1.7307692307692308
"Footlong Sausage, Egg White & Cheese",462,36.0,90,60,10,8,2880,90,940,14.0,0.0,6.00,0.6382978723404256,0.6382978723404256,2.553191489361702,0.9947499309201436,2.5531914893617023,1.4893617021276597
"Footlong Sausage, Egg White & Cheese Flatbread",480,42.0,88,60,6,8,3000,90,960,14.0,0.0,3.50,0.611111111111111,0.625,2.5,1.1363636363636362,2.604166666666667,1.4583333333333333
"Footlong Steak, Egg & Cheese",434,30.0,92,56,12,8,2420,390,880,12.0,0.0,6.00,0.6969696969696969,2.9545454545454546,2.545454545454545,0.8854781582054309,2.291666666666667,1.3636363636363635
"Footlong Steak, Egg & Cheese Flatbread",450,36.0,90,56,8,8,2560,390,900,12.0,0.0,3.50,0.6666666666666667,2.8888888888888893,2.488888888888889,1.0389610389610389,2.3703703703703707,1.3333333333333335
"Footlong Steak, Egg White & Cheese",434,20.0,92,58,12,8,2500,70,800,6.0,0.0,6.00,0.7666666666666667,0.5833333333333334,2.9,0.6493506493506493,2.604166666666667,0.75
"Footlong Steak, Egg White & Cheese Flatbread",450,24.0,90,58,6,8,2640,70,820,6.0,0.0,3.50,0.7317073170731707,0.5691056910569107,2.8292682926829267,0.7602153943617359,2.682926829268293,0.7317073170731708
Footlong Sunrise Subway Melt,562,40.0,96,68,16,10,3620,410,1020,14.0,0.0,6.00,0.6274509803921569,2.6797385620915035,2.6666666666666665,1.0185892538833714,2.957516339869281,1.3725490196078431
Footlong Sunrise Subway Melt Flatbread,580,44.0,94,68,10,8,3760,410,1060,14.0,0.0,7.75,0.5911949685534591,2.578616352201258,2.5660377358490565,1.0781671159029649,2.955974842767296,1.3207547169811322
Footlong Sunrise Subway Melt Flatbread with Egg White,580,34.0,94,70,10,8,3820,80,980,10.0,0.0,3.50,0.6394557823129252,0.5442176870748299,2.8571428571428568,0.9011396766498807,3.2482993197278915,1.0204081632653061
Footlong Sunrise Subway Melt with Egg White,562,30.0,96,72,16,10,3700,80,940,10.0,0.0,4.75,0.6808510638297872,0.5673758865248227,3.0638297872340425,0.8289582757667864,3.280141843971631,1.0638297872340425
Cheese Flatizza,157,16.0,43,21,3,4,810,35,400,8.0,0.0,3.50,0.7166666666666667,0.5833333333333334,2.1,1.0389610389610389,1.6875,2.0
Pepperoni Flatizza,181,26.0,44,26,4,4,1340,60,500,12.0,0.0,3.50,0.5866666666666667,0.8,2.08,1.3506493506493507,2.2333333333333334,2.4
Spicy Italian Flatizza,181,25.0,44,26,4,4,1290,60,500,11.0,0.0,3.50,0.5866666666666667,0.8,2.08,1.2987012987012987,2.1500000000000004,2.1999999999999997
Veggie Flatizza,191,17.0,45,22,4,5,850,35,410,8.0,0.0,3.50,0.7317073170731707,0.5691056910569107,2.1463414634146343,1.0769718086791258,1.7276422764227644,1.951219512195122
Bacon Pizza,323,31.0,98,37,8,4,2060,70,840,12.0,0.5,1.50,0.7777777777777778,0.5555555555555556,1.761904761904762,0.95856524427953,2.043650793650794,1.4285714285714286
Cheese Pizza,293,23.0,97,28,7,4,1530,50,720,9.0,0.5,3.50,0.8981481481481481,0.462962962962963,1.5555555555555556,0.8297258297258296,1.7708333333333335,1.25
Meatball Pizza,344,33.0,100,37,7,5,1840,80,860,14.0,1.0,6.00,0.7751937984496124,0.6201550387596899,1.7209302325581397,0.9966777408637875,1.7829457364341084,1.627906976744186
Pepperoni Pizza,323,33.0,97,35,8,4,1800,70,840,13.0,1.0,3.50,0.7698412698412699,0.5555555555555556,1.6666666666666665,1.0204081632653061,1.7857142857142858,1.5476190476190477
Sausage Pizza,336,35.0,98,35,8,4,1870,80,860,14.0,0.5,3.50,0.7596899224806202,0.6201550387596899,1.6279069767441863,1.0570824524312896,1.8120155038759689,1.627906976744186
9-Grain Honey Oat Bread,82,2.5,43,8,6,4,280,0,230,0.5,0.0,6.00,1.2463768115942029,0.0,1.391304347826087,0.282326369282891,1.0144927536231885,0.21739130434782608
9-Grain Wheat Bread,78,2.0,40,8,5,4,270,0,210,0.5,0.0,1.80,1.2698412698412698,0.0,1.523809523809524,0.24737167594310452,1.0714285714285716,0.2380952380952381
Artisan Flatbread,87,4.5,39,7,2,4,340,0,230,1.0,0.0,3.50,1.1304347826086956,0.0,1.2173913043478262,0.5081874647092038,1.2318840579710144,0.43478260869565216
Bagel,105,1.5,56,11,1,2,560,0,290,0.0,0.0,1.10,1.2873563218390804,0.0,1.5172413793103448,0.13434841021047916,1.6091954022988506,0.0
Gluten-Free Bread,113,12.0,52,6,7,3,800,0,340,7.0,0.0,6.00,1.019607843137255,0.0,0.7058823529411764,0.9167303284950343,1.9607843137254903,2.0588235294117645
Habanero Wrap,102,8.0,50,9,1,0,690,0,300,3.5,0.0,1.10,1.1111111111111112,0.0,1.2,0.6926406926406927,1.9166666666666665,1.1666666666666667
Harvest Bread,82,3.0,41,10,5,4,280,0,230,0.5,0.0,6.00,1.1884057971014492,0.0,1.7391304347826086,0.3387916431394692,1.0144927536231885,0.21739130434782608
Hearty Italian Bread,75,2.5,40,7,3,2,340,0,210,0.5,0.0,6.00,1.2698412698412698,0.0,1.3333333333333333,0.30921459492888065,1.3492063492063493,0.2380952380952381
Italian Herbs & Cheese Bread,82,5.0,41,9,3,2,530,10,240,2.0,0.0,6.00,1.138888888888889,0.2777777777777778,1.5,0.5411255411255411,1.840277777777778,0.8333333333333334
Italian White Bread,71,2.5,38,7,3,1,340,0,200,0.5,0.0,6.00,1.2666666666666668,0.0,1.4000000000000001,0.3246753246753247,1.4166666666666667,0.25
Jalapeno Cheese/Cheddar Bread,85,5.0,40,9,3,2,690,10,240,2.0,0.0,2.50,1.1111111111111112,0.2777777777777778,1.5,0.5411255411255411,2.3958333333333335,0.8333333333333334
Monterey Cheddar Bread,82,6.0,38,10,3,2,410,10,240,2.5,0.0,2.50,1.0555555555555556,0.2777777777777778,1.6666666666666665,0.6493506493506493,1.4236111111111112,1.0416666666666665
Parmesan Oregano Bread,75,2.5,40,7,3,2,490,0,210,0.5,0.0,1.80,1.2698412698412698,0.0,1.3333333333333333,0.30921459492888065,1.9444444444444446,0.2380952380952381
Roasted Garlic Bread,82,2.5,44,8,4,2,1260,0,230,0.5,0.0,6.00,1.2753623188405798,0.0,1.391304347826087,0.282326369282891,4.565217391304349,0.21739130434782608
Rye Bread,78,2.5,34,8,4,4,330,0,190,0.0,0.0,6.00,1.192982456140351,0.0,1.6842105263157894,0.3417634996582365,1.4473684210526316,0.0
Sourdough Bread,78,1.5,36,9,3,1,310,0,190,0.0,0.0,6.00,1.2631578947368423,0.0,1.8947368421052633,0.2050580997949419,1.3596491228070176,0.0
Spinach Wrap,102,8.0,48,8,1,2,780,0,300,3.5,0.0,6.00,1.0666666666666667,0.0,1.0666666666666667,0.6926406926406927,2.166666666666667,1.1666666666666667
Tomato Basil Wrap,102,8.0,49,8,1,2,730,0,300,3.5,0.0,2.50,1.088888888888889,0.0,1.0666666666666667,0.6926406926406927,2.0277777777777777,1.1666666666666667
BBQ Pulled Pork,113,6.0,18,15,18,0,700,45,200,4.0,0.0,0.75,0.6,1.5,3.0,0.7792207792207791,2.916666666666667,2.0
BBQ Rib Patty,78,22.0,4,12,3,0,470,45,260,0.5,0.0,6.00,0.10256410256410257,1.153846153846154,1.8461538461538463,2.197802197802198,1.5064102564102564,0.19230769230769232
Buffalo Chicken Strips,85,2.0,1,16,0,0,620,50,90,0.0,0.0,6.00,0.07407407407407408,3.703703703703704,7.111111111111112,0.5772005772005773,5.740740740740741,0.0
Chicken Enchilada,85,4.0,7,12,2,1,410,0,120,0.0,0.0,4.75,0.3888888888888889,0.0,4.0,0.8658008658008658,2.8472222222222223,0.0
Chicken Strips,71,1.5,0,16,0,0,210,50,80,1.5,0.0,7.50,0.0,4.166666666666667,8.0,0.487012987012987,2.1875,1.875
Corned Beef,99,3.0,4,26,4,0,1070,65,150,3.0,0.0,6.00,0.17777777777777778,2.8888888888888893,6.933333333333334,0.5194805194805194,5.944444444444445,2.0
Egg Patty,85,7.0,3,9,0,0,410,160,120,3.0,0.0,6.00,0.16666666666666669,8.88888888888889,3.0,1.5151515151515151,2.8472222222222223,2.5
Egg Salad,85,23.0,1,8,1,0,170,255,250,0.0,0.0,0.75,0.02666666666666667,6.800000000000001,1.28,2.3896103896103895,0.5666666666666668,0.0
Egg White Patty,85,2.0,3,11,0,0,440,0,80,0.5,0.0,6.00,0.25,0.0,5.5,0.6493506493506493,4.583333333333334,0.625
Falafel,85,6.0,28,9,1,8,0,0,200,2.5,0.0,2.50,0.9333333333333335,0.0,1.7999999999999998,0.7792207792207791,0.0,1.25
Fish Filet,90,8.0,18,11,1,1,630,30,190,1.5,0.0,4.50,0.6315789473684211,1.0526315789473684,2.3157894736842106,1.0936431989063569,2.7631578947368425,0.7894736842105263
Italian Hero Meats,85,18.0,3,14,2,0,1070,65,230,6.0,0.5,6.00,0.08695652173913043,1.8840579710144927,2.4347826086956523,2.0327498588368154,3.876811594202899,2.608695652173913
Meatballs,139,16.0,16,13,6,3,720,40,260,0.0,1.0,6.00,0.4102564102564103,1.0256410256410258,2.0,1.5984015984015985,2.307692307692308,0.0
Orchard Chicken Salad,85,5.0,10,12,8,1,250,40,140,0.0,0.0,6.00,0.47619047619047616,1.9047619047619047,3.428571428571429,0.9276437847866419,1.4880952380952381,0.0
Roast Beef,71,2.5,1,16,1,0,390,45,90,6.0,0.0,6.00,0.07407407407407408,3.3333333333333335,7.111111111111112,0.7215007215007214,3.611111111111111,6.666666666666667
Roasted Chicken Patty,71,2.5,2,15,1,0,330,45,90,0.5,0.0,6.00,0.14814814814814817,3.3333333333333335,6.666666666666666,0.7215007215007214,3.0555555555555554,0.5555555555555556
Rotisserie-Style Chicken,85,3.5,1,21,0,0,380,55,120,0.0,0.0,2.50,0.05555555555555556,3.0555555555555554,7.0,0.7575757575757576,2.638888888888889,0.0
Seafood Sensation,71,17.0,8,4,2,0,500,15,190,2.0,0.0,6.00,0.2807017543859649,0.5263157894736842,0.8421052631578947,2.3239917976760083,2.192982456140351,1.0526315789473684
Steak,71,4.0,4,15,2,0,550,40,110,1.0,0.5,6.00,0.24242424242424243,2.4242424242424243,5.454545454545454,0.9445100354191263,4.166666666666667,0.9090909090909091
Subway Club Meats,78,2.5,2,15,1,0,560,40,90,3.0,0.0,6.00,0.14814814814814817,2.962962962962963,6.666666666666666,0.7215007215007214,5.185185185185185,3.3333333333333335
Teriyaki Glazed Chicken Strips,85,2.0,5,16,2,0,400,50,100,0.5,0.0,6.00,0.33333333333333337,3.3333333333333335,6.4,0.5194805194805194,3.3333333333333335,0.5
Tuna,74,23.0,0,12,0,0,300,40,250,2.0,0.5,6.00,0.0,1.0666666666666667,1.92,2.3896103896103895,1.0,0.8
Veggie Patty,85,8.0,8,13,2,3,520,0,160,2.0,0.0,6.00,0.33333333333333337,0.0,3.25,1.2987012987012987,2.7083333333333335,1.25
Apple Cinnamon Pecan Muffin,113,25.0,57,6,35,2,380,65,480,5.0,0.0,4.75,0.7916666666666666,0.9027777777777778,0.5,1.352813852813853,0.6597222222222222,1.0416666666666665
Banana Bread Muffin,113,25.0,53,6,29,2,330,40,460,3.5,0.0,0.75,0.7681159420289856,0.5797101449275363,0.5217391304347826,1.411631846414455,0.5978260869565217,0.7608695652173914
Blueberry Crumb Muffin,113,17.0,60,5,34,1,410,45,410,5.0,0.0,4.75,0.975609756097561,0.7317073170731707,0.4878048780487805,1.0769718086791258,0.8333333333333334,1.2195121951219512
Brownie,86,17.0,51,5,32,1,125,30,370,6.0,0.0,1.10,0.918918918918919,0.5405405405405406,0.5405405405405406,1.1934011934011934,0.28153153153153154,1.6216216216216217
"Brownie, Gluten Free",80,16.0,48,3,34,2,170,55,350,1.5,0.0,5.00,0.9142857142857144,1.0476190476190477,0.34285714285714286,1.1873840445269017,0.40476190476190477,0.4285714285714286
Chocolate Chunk Muffin,113,27.0,63,5,40,2,380,75,510,8.0,0.0,4.25,0.823529411764706,0.9803921568627452,0.39215686274509803,1.3750954927425516,0.6209150326797386,1.5686274509803921
Cinnamon Rolls,163,27.0,83,9,33,3,730,5,610,13.0,0.0,6.00,0.907103825136612,0.054644808743169404,0.5901639344262295,1.1496700021290185,0.9972677595628415,2.1311475409836063
Croissant,85,11.0,34,5,4,1,300,30,260,7.0,0.0,1.70,0.8717948717948719,0.7692307692307693,0.7692307692307693,1.098901098901099,0.9615384615384615,2.6923076923076925
Triple Berry Muffin,113,17.0,55,7,30,5,430,50,400,4.5,0.0,4.25,0.9166666666666667,0.8333333333333334,0.7000000000000001,1.103896103896104,0.8958333333333334,1.125
Beef Chili with Beans Soup,255,22.0,20,21,6,5,800,70,360,8.0,1.5,2.50,0.37037037037037035,1.2962962962962963,2.3333333333333335,1.5873015873015872,1.851851851851852,2.2222222222222223
Black Bean Soup,255,1.0,39,12,6,15,860,0,210,0.0,0.0,2.50,1.2380952380952381,0.0,2.2857142857142856,0.12368583797155226,3.4126984126984126,0.0
Broccoli Cheddar Soup,255,9.0,18,5,4,1,630,25,170,5.0,0.0,2.50,0.7058823529411765,0.9803921568627452,1.1764705882352942,1.3750954927425516,3.088235294117647,2.941176470588235
Creamy Chicken & Dumplings Soup,245,4.5,20,8,3,3,740,35,150,2.0,0.0,2.50,0.888888888888889,1.5555555555555556,2.1333333333333333,0.7792207792207791,4.111111111111112,1.3333333333333335
Creamy Chicken & Wild Rice Soup,240,11.0,16,7,3,1,820,40,190,6.0,0.5,2.50,0.5614035087719298,1.4035087719298245,1.4736842105263157,1.5037593984962405,3.5964912280701755,3.1578947368421053
French Onion Soup,219,6.0,19,5,1,1,940,15,150,3.5,0.0,6.00,0.8444444444444446,0.6666666666666667,1.3333333333333333,1.0389610389610389,5.222222222222222,2.3333333333333335
Homestyle Chicken Noodle Soup,255,3.0,14,8,2,1,720,30,110,1.5,0.0,2.50,0.8484848484848484,1.8181818181818181,2.909090909090909,0.7083825265643447,5.454545454545455,1.3636363636363635
Loaded Baked Potato with Bacon Soup,255,13.0,15,5,4,1,800,35,210,7.0,0.0,2.50,0.47619047619047616,1.1111111111111112,0.9523809523809523,1.6079158936301794,3.1746031746031744,3.3333333333333335
Spicy Chicken Tortilla Soup,227,4.5,12,6,3,2,660,10,110,1.0,0.0,6.00,0.7272727272727273,0.6060606060606061,2.1818181818181817,1.062573789846517,5.0,0.9090909090909091
Tomato Basil Soup,236,6.0,15,4,7,2,700,20,130,3.5,0.0,2.50,0.7692307692307693,1.0256410256410258,1.2307692307692308,1.1988011988011988,4.487179487179488,2.6923076923076925
