Item,Serving Size,Total Fat,Carbohydrates,Protein,Sugar,Fiber,Sodium,Cholesterol,Calories,Saturated Fat,Trans Fat,Carbs Metric,Cholesterol Metric,Fat Metric,Sodium Metric,Protein Metric,Price
"Asiago Bacon, Egg & Cheese on Asiago Cheese Bagel",,24.0,56.0,21.0,4.0,2.0,960.0,260.0,570.0,11.0,0.5,0.6549707602339182,3.04093567251462,1.0936431989063569,1.4035087719298245,0.2456140350877193,0
"Avocado, Egg White & Spinach on Sprouted Grain Bagel Flat",,14.0,52.0,21.0,4.0,7.0,590.0,25.0,410.0,6.0,0.0,0.8455284552845529,0.4065040650406504,0.8869179600886918,1.1991869918699187,0.3414634146341463,0
"Bacon, Egg & Cheese on Artisan Ciabatta",187.0,20.0,40.0,24.0,1.0,2.0,850.0,245.0,450.0,9.0,0.0,0.5925925925925927,3.629629629629629,1.1544011544011543,1.5740740740740742,0.3555555555555556,0
"Bacon, Egg & Cheese on Brioche",,25.0,32.0,24.0,6.0,1.0,790.0,295.0,460.0,12.0,0.5,0.463768115942029,4.27536231884058,1.4116318464144553,1.4311594202898552,0.3478260869565217,0
"Bacon, Scrambled Egg & Cheese on Artisan Ciabatta",161.0,22.0,40.0,25.0,1.0,2.0,760.0,275.0,460.0,9.0,0.0,0.5797101449275363,3.985507246376812,1.2422360248447206,1.376811594202899,0.3623188405797101,0
"Bacon, Scrambled Egg & Cheese on Brioche",,27.0,33.0,25.0,6.0,1.0,700.0,325.0,470.0,13.0,0.5,0.4680851063829788,4.609929078014185,1.4921248963802156,1.2411347517730495,0.3546099290780142,0
Egg & Cheese on Artisan Ciabatta,,15.0,39.0,19.0,0.0,2.0,700.0,230.0,380.0,7.0,0.0,0.6842105263157895,4.035087719298246,1.0252904989747094,1.5350877192982455,0.33333333333333337,0
Egg & Cheese on Brioche,,21.0,32.0,19.0,5.0,1.0,640.0,280.0,390.0,11.0,0.5,0.5470085470085471,4.786324786324786,1.3986013986013988,1.3675213675213675,0.3247863247863248,$7.69
Four Cheese Souffle,163.0,28.0,38.0,15.0,8.0,1.0,830.0,170.0,410.0,17.0,0.0,0.6178861788617886,2.7642276422764227,1.7738359201773837,1.6869918699186992,0.24390243902439024,$2.99
Greek Yogurt with Mixed Berries & Granola,,10.0,39.0,15.0,30.0,3.0,55.0,20.0,300.0,5.0,0.0,0.8666666666666667,0.4444444444444445,0.8658008658008658,0.15277777777777776,0.33333333333333337,0
Ham & Swiss Souffle,,30.0,36.0,18.0,8.0,1.0,810.0,160.0,450.0,18.0,0.0,0.5333333333333333,2.3703703703703707,1.7316017316017316,1.5,0.26666666666666666,$4.69
"Ham, Egg & Cheese on Whole Grain Farmstyle Bread",,15.0,20.0,22.0,1.0,2.0,790.0,245.0,310.0,7.0,0.0,0.4301075268817205,5.268817204301075,1.2568077084206115,2.1236559139784945,0.4731182795698925,0
"Ham, Egg, Cheese & Roasted Tomato on Whole Grain Farmstyle Bread",,15.0,21.0,22.0,1.0,2.0,820.0,245.0,320.0,7.0,0.0,0.4375000000000001,5.104166666666667,1.2175324675324677,2.135416666666667,0.4583333333333334,0
"Ham, Scrambled Egg & Cheese on Whole Grain Farmstyle Bread",,17.0,21.0,23.0,1.0,2.0,710.0,275.0,330.0,7.0,0.0,0.4242424242424242,5.555555555555557,1.3380558835104288,1.7929292929292928,0.4646464646464647,0
"Ham, Scrambled Egg, Cheese & Roasted Tomato on Whole Grain Farmstyle Bread",,17.0,22.0,23.0,1.0,2.0,730.0,275.0,330.0,7.0,0.0,0.4444444444444445,5.555555555555557,1.3380558835104288,1.8434343434343436,0.4646464646464647,0
"Sausage, Egg & Cheese on Brioche",,34.0,33.0,27.0,6.0,1.0,970.0,325.0,550.0,16.0,0.5,0.4,3.93939393939394,1.6056670602125147,1.4696969696969695,0.3272727272727273,0
"Sausage, Scrambled Egg & Cheese on Artisan Ciabatta",,30.0,41.0,28.0,1.0,2.0,940.0,305.0,560.0,12.0,0.0,0.4880952380952381,3.6309523809523814,1.3914656771799627,1.3988095238095242,0.33333333333333337,0
"Sausage, Scrambled Egg & Cheese on Brioche",,35.0,33.0,28.0,6.0,1.0,880.0,355.0,570.0,16.0,0.5,0.3859649122807018,4.152046783625732,1.5948963317384368,1.286549707602339,0.3274853801169591,0
Scrambled Egg & Cheese on Artisan Ciabatta,,17.0,40.0,20.0,0.0,2.0,620.0,260.0,400.0,7.0,0.0,0.6666666666666667,4.333333333333334,1.103896103896104,1.2916666666666667,0.33333333333333337,0
Scrambled Egg & Cheese on Brioche,,22.0,32.0,20.0,5.0,1.0,550.0,310.0,410.0,11.0,0.5,0.5203252032520326,5.040650406504065,1.3937282229965156,1.1178861788617886,0.3252032520325204,$1.25
Spinach & Artichoke Souffle,,33.0,39.0,18.0,8.0,2.0,890.0,170.0,520.0,19.0,0.5,0.5,2.17948717948718,1.6483516483516485,1.426282051282051,0.2307692307692308,0
Spinach & Bacon Souffle,,35.0,37.0,20.0,8.0,1.0,900.0,185.0,550.0,19.0,0.5,0.4484848484848485,2.2424242424242427,1.652892561983471,1.3636363636363638,0.24242424242424246,0
Steak & Egg on Everything Bagel,,19.0,59.0,34.0,4.0,3.0,1030.0,260.0,550.0,8.0,0.0,0.7151515151515152,3.1515151515151514,0.8972845336481701,1.5606060606060608,0.41212121212121217,0
Steak & Scrambled Egg on Everything Bagel,,20.0,60.0,35.0,4.0,3.0,940.0,290.0,570.0,9.0,0.0,0.7017543859649122,3.3918128654970765,0.911369332421964,1.3742690058479532,0.4093567251461988,0
"Steel Cut Oatmeal with Almonds, Quinoa & Honey",,7.0,51.0,8.0,7.0,8.0,220.0,0.0,300.0,1.0,0.0,1.1333333333333335,0.0,0.6060606060606061,0.6111111111111109,0.17777777777777778,0
Steel Cut Oatmeal with Strawberries & Pecans,,14.0,51.0,6.0,16.0,9.0,160.0,0.0,340.0,2.0,0.0,1.0,0.0,1.0695187165775402,0.392156862745098,0.1176470588235294,$4.19
Asiago Cheese Bagel,,6.0,55.0,13.0,3.0,2.0,470.0,15.0,330.0,3.0,0.0,1.1111111111111112,0.30303030303030304,0.4722550177095631,1.186868686868687,0.2626262626262626,$4.49
Blueberry Bagel,,1.5,69.0,10.0,10.0,2.0,430.0,0.0,340.0,0.0,0.0,1.3529411764705883,0.0,0.11459129106187928,1.053921568627451,0.19607843137254904,$1.25
Cherry Vanilla Bagel,,5.0,69.0,10.0,18.0,3.0,380.0,0.0,360.0,3.0,0.0,1.2777777777777781,0.0,0.3607503607503607,0.8796296296296297,0.1851851851851852,$3.99
Chocolate Chip Bagel,,6.0,68.0,11.0,13.0,2.0,410.0,5.0,380.0,3.0,0.0,1.1929824561403508,0.08771929824561403,0.4101161995898838,0.8991228070175439,0.1929824561403509,$0.99
Cinnamon Crunch Bagel,,7.0,82.0,10.0,32.0,2.0,380.0,0.0,430.0,7.0,0.0,1.2713178294573644,0.0,0.4228329809725159,0.7364341085271319,0.15503875968992248,$1.34
Cinnamon Swirl & Raisin Bagel,,2.0,66.0,10.0,11.0,3.0,410.0,0.0,320.0,1.0,0.0,1.375,0.0,0.16233766233766234,1.0677083333333337,0.20833333333333331,$1.34
Cranberry Walnut Bagel,,6.0,65.0,10.0,14.0,3.0,380.0,0.0,350.0,0.5,0.0,1.238095238095238,0.0,0.44526901669758817,0.9047619047619048,0.19047619047619047,$4.14
Everything Bagel,,2.0,58.0,10.0,4.0,2.0,590.0,0.0,300.0,0.0,0.0,1.2888888888888892,0.0,0.17316017316017318,1.6388888888888888,0.22222222222222224,$1.05
French Toast Bagel,,4.0,67.0,10.0,15.0,2.0,560.0,0.0,350.0,2.5,0.0,1.2761904761904759,0.0,0.29684601113172543,1.3333333333333337,0.19047619047619047,$2.99
Jalapeno Cheddar Bagel,,3.0,57.0,12.0,3.0,2.0,750.0,5.0,310.0,1.5,0.0,1.2258064516129032,0.10752688172043012,0.25136154168412234,2.0161290322580645,0.2580645161290323,0
Plain Bagel,109.0,1.5,58.0,10.0,3.0,2.0,410.0,0.0,290.0,0.0,0.0,1.3333333333333337,0.0,0.13434841021047916,1.1781609195402298,0.2298850574712644,$1.05
Poppyseed Bagel,,2.5,58.0,10.0,4.0,2.0,410.0,0.0,300.0,2.5,0.0,1.2888888888888892,0.0,0.21645021645021645,1.138888888888889,0.22222222222222224,0
Salt Bagel,,1.5,58.0,10.0,3.0,2.0,2740.0,0.0,290.0,0.0,0.0,1.3333333333333337,0.0,0.13434841021047916,7.873563218390807,0.2298850574712644,$6.25
Sesame Bagel,,3.0,58.0,10.0,3.0,2.0,410.0,0.0,300.0,0.0,0.0,1.2888888888888892,0.0,0.2597402597402597,1.138888888888889,0.22222222222222224,$1.05
Sprouted Grain Bagel Flat,,1.5,48.0,8.0,4.0,5.0,300.0,0.0,240.0,0.0,0.0,1.3333333333333337,0.0,0.16233766233766234,1.0416666666666667,0.22222222222222224,$1.05
Whole Grain Bagel,,2.5,67.0,13.0,5.0,7.0,460.0,0.0,330.0,0.0,0.0,1.3535353535353536,0.0,0.19677292404565133,1.1616161616161618,0.2626262626262626,$7.69
Apple Crunch Muffin,139.0,12.0,80.0,7.0,49.0,2.0,380.0,55.0,450.0,3.0,0.0,1.1851851851851851,0.8148148148148148,0.6926406926406927,0.7037037037037037,0.1037037037037037,$0.99
Bear Claw,128.0,31.0,59.0,9.0,29.0,3.0,350.0,75.0,550.0,15.0,0.0,0.7151515151515152,0.9090909090909092,1.4639905548996461,0.5303030303030303,0.1090909090909091,$2.69
Blueberry Muffin with Fresh Blueberries,128.0,18.0,69.0,6.0,40.0,1.0,380.0,60.0,460.0,3.0,0.0,1.0,0.8695652173913043,1.0163749294184077,0.6884057971014493,0.08695652173913042,$2.39
Candy Cookie,,19.0,58.0,5.0,30.0,1.0,260.0,70.0,420.0,11.0,0.5,0.9206349206349208,1.1111111111111112,1.1750154607297465,0.5158730158730159,0.07936507936507936,$1.99
Cheese Pastry,110.0,23.0,43.0,8.0,15.0,1.0,340.0,65.0,410.0,15.0,0.5,0.6991869918699187,1.0569105691056908,1.4570795058599937,0.6910569105691057,0.13008130081300814,$0.85
Cherry Pastry,137.0,22.0,58.0,7.0,28.0,1.0,360.0,60.0,460.0,14.0,0.5,0.8405797101449275,0.8695652173913043,1.2422360248447206,0.6521739130434783,0.10144927536231883,$2.69
Chocolate Chip Muffie,78.0,14.0,46.0,4.0,28.0,1.0,230.0,35.0,320.0,4.0,0.0,0.9583333333333331,0.7291666666666667,1.1363636363636362,0.5989583333333334,0.08333333333333334,$1.59
Chocolate Chipper Cookie,,19.0,51.0,4.0,30.0,2.0,290.0,50.0,380.0,11.0,0.0,0.8947368421052632,0.8771929824561403,1.2987012987012987,0.6359649122807018,0.07017543859649122,$2.49
Chocolate Pastry,99.0,24.0,46.0,7.0,17.0,2.0,250.0,50.0,420.0,15.0,0.0,0.7301587301587302,0.7936507936507936,1.4842300556586268,0.4960317460317461,0.11111111111111112,$2.69
Cinnamon Crunch Scone,,23.0,79.0,8.0,42.0,2.0,900.0,70.0,550.0,16.0,0.5,0.9575757575757576,0.8484848484848484,1.0861865407319953,1.3636363636363638,0.09696969696969696,$2.59
Cinnamon Roll,170.0,25.0,100.0,13.0,47.0,3.0,660.0,95.0,670.0,12.0,0.0,0.9950248756218903,0.9452736318407958,0.9691800736576855,0.8208955223880597,0.12935323383084574,$2.79
Cobblestone,197.0,12.0,102.0,11.0,56.0,3.0,500.0,60.0,560.0,7.0,0.0,1.2142857142857142,0.7142857142857143,0.5565862708719852,0.7440476190476191,0.13095238095238096,$2.69
Cranberry Orange Muffin,,19.0,71.0,6.0,40.0,2.0,400.0,65.0,480.0,3.0,0.0,0.9861111111111112,0.9027777777777778,1.028138528138528,0.6944444444444445,0.08333333333333334,$2.19
Double Fudge Brownie,,22.0,80.0,6.0,58.0,4.0,250.0,40.0,520.0,11.0,0.0,1.0256410256410258,0.5128205128205129,1.0989010989010992,0.4006410256410257,0.07692307692307693,0
French Croissant,71.0,18.0,32.0,6.0,7.0,1.0,260.0,60.0,310.0,11.0,0.0,0.6881720430107527,1.2903225806451613,1.508169250104734,0.6989247311827957,0.12903225806451615,$2.29
Kitchen Sink Cookie,,44.0,97.0,8.0,54.0,3.0,770.0,90.0,800.0,28.0,1.0,0.8083333333333333,0.75,1.4285714285714286,0.8020833333333334,0.06666666666666668,$2.49
Lemon Drop Cookie,,20.0,61.0,5.0,33.0,1.0,270.0,70.0,440.0,13.0,0.5,0.9242424242424244,1.0606060606060606,1.180637544273908,0.5113636363636364,0.07575757575757576,$1.99
Oatmeal Raisin Cookie with Berries,,13.0,54.0,4.0,32.0,2.0,170.0,50.0,340.0,7.0,0.0,1.0588235294117647,0.9803921568627452,0.9931245225362874,0.4166666666666667,0.0784313725490196,$1.99
Orange Mini Scone,,7.0,27.0,3.0,12.0,1.0,270.0,25.0,180.0,4.5,0.0,1.0,0.9259259259259259,1.0101010101010102,1.25,0.11111111111111112,$6.99
Orange Scone,,20.0,80.0,9.0,37.0,2.0,810.0,75.0,540.0,13.0,0.5,0.9876543209876544,0.9259259259259259,0.9620009620009621,1.25,0.11111111111111112,$2.59
Pastry Ring,73.0,13.0,31.0,3.0,18.0,1.0,170.0,40.0,250.0,8.0,0.0,0.8266666666666667,1.0666666666666669,1.3506493506493509,0.5666666666666668,0.08,$8.79
Pecan Braid,106.0,26.0,52.0,8.0,23.0,2.0,280.0,50.0,470.0,13.0,0.0,0.7375886524822695,0.7092198581560284,1.4368610113290965,0.4964539007092199,0.11347517730496455,$2.69
Pecan Roll,159.0,46.0,69.0,11.0,32.0,5.0,400.0,70.0,720.0,14.0,0.0,0.6388888888888891,0.6481481481481481,1.6594516594516593,0.46296296296296297,0.10185185185185183,$2.69
Pumpkin Cookie,,22.0,64.0,4.0,37.0,1.0,230.0,55.0,460.0,14.0,0.5,0.927536231884058,0.7971014492753624,1.2422360248447206,0.4166666666666667,0.05797101449275361,$4.99
Pumpkin Muffie,84.0,11.0,45.0,3.0,26.0,1.0,240.0,15.0,290.0,2.0,0.0,1.0344827586206895,0.3448275862068966,0.9852216748768472,0.6896551724137931,0.06896551724137931,$1.59
Pumpkin Muffin,170.0,22.0,90.0,7.0,52.0,2.0,480.0,30.0,580.0,4.0,0.0,1.0344827586206895,0.3448275862068966,0.9852216748768472,0.6896551724137931,0.08045977011494253,$2.19
Triple Berry Scone,,15.0,58.0,6.0,29.0,1.0,620.0,55.0,390.0,10.0,0.0,0.9914529914529916,0.9401709401709402,0.999000999000999,1.3247863247863247,0.10256410256410256,0
Triple Chocolate Cookie with Walnuts,,13.0,53.0,5.0,44.0,6.0,125.0,10.0,320.0,6.0,0.0,1.1041666666666667,0.20833333333333331,1.0551948051948052,0.32552083333333337,0.10416666666666667,$2.69
Wild Blueberry Mini Scone,,6.0,21.0,3.0,9.0,1.0,300.0,25.0,150.0,4.0,0.0,0.9333333333333336,1.1111111111111112,1.0389610389610389,1.6666666666666667,0.13333333333333333,$18.99
Wild Blueberry Scone,113.0,19.0,64.0,8.0,26.0,1.0,900.0,70.0,460.0,12.0,0.5,0.927536231884058,1.0144927536231885,1.0728402032749855,1.6304347826086958,0.11594202898550725,$2.59
Asiago Cheese Focaccia Loaf,,3.0,24.0,6.0,0.0,1.0,300.0,5.0,150.0,1.0,0.0,1.0666666666666669,0.22222222222222224,0.5194805194805194,1.6666666666666667,0.26666666666666666,$3.39
Black Pepper Focaccia Loaf,,3.0,26.0,5.0,0.0,1.0,390.0,0.0,150.0,0.0,0.0,1.1555555555555557,0.0,0.5194805194805194,2.166666666666667,0.22222222222222224,$3.09
Brioche Roll,,7.0,31.0,7.0,5.0,1.0,300.0,50.0,220.0,4.0,0.0,0.9393939393939392,1.5151515151515151,0.8264462809917354,1.1363636363636362,0.2121212121212121,$1.79
Challah Loaf,,5.0,29.0,6.0,4.0,1.0,270.0,60.0,190.0,1.0,0.0,1.0175438596491229,2.1052631578947367,0.683526999316473,1.1842105263157896,0.2105263157894737,$3.09
Cinnamon Raisin Swirl Loaf,,6.0,31.0,5.0,12.0,1.0,190.0,30.0,190.0,3.0,0.0,1.087719298245614,1.0526315789473684,0.8202323991797676,0.8333333333333334,0.17543859649122806,$4.69
Classic White Loaf,,2.0,28.0,5.0,2.0,1.0,280.0,5.0,150.0,1.0,0.0,1.2444444444444445,0.22222222222222224,0.3463203463203464,1.5555555555555556,0.22222222222222224,$3.69
Cranberry Walnut Miche Loaf,,2.5,25.0,6.0,4.0,2.0,250.0,0.0,140.0,0.0,0.0,1.1904761904761905,0.0,0.463821892393321,1.488095238095238,0.2857142857142857,$7.69
French Baguette,,0.5,29.0,5.0,0.0,1.0,360.0,0.0,150.0,0.0,0.0,1.2888888888888892,0.0,0.08658008658008659,2.0,0.22222222222222224,$2.99
Sourdough Bread Bowl,,4.5,130.0,27.0,1.0,4.0,1160.0,0.0,670.0,0.0,0.0,1.2935323383084578,0.0,0.1744524132583834,1.4427860696517412,0.26865671641791045,$3.49
Sourdough Loaf,,0.5,28.0,5.0,0.0,1.0,290.0,0.0,140.0,0.0,0.0,1.3333333333333337,0.0,0.0927643784786642,1.7261904761904765,0.2380952380952381,$3.69
Sprouted Grain Roll,,1.0,33.0,6.0,3.0,3.0,360.0,0.0,170.0,0.0,0.0,1.2941176470588236,0.0,0.15278838808250572,1.7647058823529411,0.2352941176470588,$2.99
Whole Grain Farmstyle Loaf,,0.0,18.0,4.0,0.0,2.0,240.0,0.0,90.0,0.0,0.0,1.3333333333333337,0.0,0.0,2.2222222222222223,0.29629629629629634,0
Whole Grain Flatbread,,7.0,29.0,5.0,3.0,3.0,250.0,15.0,200.0,4.0,0.0,0.9666666666666668,0.5,0.9090909090909092,1.0416666666666667,0.16666666666666669,$4.99
Frozen Caramel,,23.0,82.0,7.0,69.0,0.0,190.0,70.0,560.0,14.0,0.5,0.9761904761904764,0.8333333333333334,1.0667903525046385,0.2827380952380953,0.08333333333333334,$3.99
Frozen Mocha,,19.0,84.0,7.0,63.0,2.0,115.0,55.0,530.0,11.0,0.0,1.0566037735849056,0.6918238993710693,0.9311443273707424,0.1808176100628931,0.08805031446540881,$7.69
Mango Smoothie,460.0,5.0,50.0,13.0,44.0,2.0,50.0,15.0,290.0,3.5,0.0,1.149425287356322,0.3448275862068966,0.4478280340349306,0.14367816091954025,0.2988505747126437,$4.29
Signature Hot Chocolate,,13.0,85.0,12.0,63.0,3.0,250.0,40.0,510.0,8.0,0.0,1.1111111111111112,0.5228758169934641,0.6620830150241915,0.4084967320261438,0.1568627450980392,$2.99
Strawberry Banana Smoothie,,3.0,52.0,6.0,38.0,4.0,30.0,10.0,250.0,1.5,0.0,1.3866666666666667,0.26666666666666666,0.3116883116883117,0.1,0.16,$0.99
Strawberry Smoothie,460.0,5.0,47.0,13.0,42.0,3.0,55.0,15.0,280.0,3.0,0.0,1.119047619047619,0.35714285714285715,0.463821892393321,0.1636904761904762,0.30952380952380953,$3.79
Superfruit Smoothie with Greek yogurt,,5.0,33.0,12.0,30.0,4.0,45.0,15.0,230.0,3.0,0.0,0.9565217391304348,0.43478260869565216,0.564652738565782,0.16304347826086954,0.3478260869565217,$4.29
"Bacon Turkey Bravo Sandwich on Tomato Basil, Half",,12.0,28.0,23.0,3.0,2.0,770.0,50.0,310.0,4.5,0.0,0.6021505376344086,1.075268817204301,1.0054461667364891,2.0698924731182795,0.4946236559139785,$5.69
"Bacon Turkey Bravo Sandwich on Tomato Basil, Whole",,24.0,57.0,46.0,6.0,3.0,1540.0,100.0,630.0,9.0,0.0,0.6031746031746031,1.058201058201058,0.989486703772418,2.0370370370370368,0.4867724867724868,$7.69
"Chipotle Chicken Avocado Melt on Black Pepper Focaccia, Half",,21.0,28.0,21.0,2.0,3.0,870.0,70.0,380.0,7.0,0.0,0.4912280701754386,1.2280701754385963,1.4354066985645932,1.907894736842105,0.3684210526315789,0
"Chipotle Chicken Avocado Melt on Black Pepper Focaccia, Whole",,42.0,56.0,43.0,4.0,6.0,1730.0,140.0,770.0,14.0,0.0,0.4848484848484849,1.2121212121212122,1.4167650531286895,1.8722943722943723,0.3722943722943723,0
"Four Cheese Grilled Cheese on Country Rustic, Half",,14.0,30.0,16.0,0.0,1.0,580.0,50.0,310.0,9.0,0.0,0.6451612903225806,1.075268817204301,1.1730205278592374,1.5591397849462365,0.3440860215053764,0
"Four Cheese Grilled Cheese on Country Rustic, Whole",,28.0,60.0,31.0,1.0,3.0,1170.0,95.0,630.0,18.0,0.5,0.6349206349206349,1.0052910052910051,1.1544011544011543,1.5476190476190477,0.32804232804232797,$6.39
"Frontega Chicken Panini on Sea Salt Focaccia, Half",,15.0,42.0,23.0,2.0,2.0,1020.0,55.0,390.0,4.5,0.0,0.7179487179487181,0.9401709401709402,0.999000999000999,2.17948717948718,0.3931623931623932,$6.59
"Frontega Chicken Panini on Sea Salt Focaccia, Whole",,29.0,84.0,46.0,4.0,4.0,2040.0,110.0,790.0,9.0,0.0,0.7088607594936709,0.9282700421940928,0.9534769028439914,2.151898734177215,0.3881856540084388,$9.29
"Heritage Ham & Swiss Sandwich on Country Rustic, Half",,13.0,25.0,21.0,3.0,1.0,740.0,50.0,300.0,5.0,0.0,0.5555555555555556,1.1111111111111112,1.1255411255411256,2.055555555555556,0.4666666666666667,0
"Heritage Ham & Swiss Sandwich on Whole Grain, Whole",,26.0,50.0,41.0,6.0,3.0,1480.0,100.0,600.0,11.0,0.0,0.5555555555555556,1.1111111111111112,1.1255411255411256,2.055555555555556,0.4555555555555556,0
"Mediterranean Veggie Sandwich on Tomato Basil, Half",,6.0,33.0,9.0,4.0,3.0,620.0,5.0,220.0,1.5,0.0,1.0,0.15151515151515152,0.7083825265643447,2.3484848484848486,0.2727272727272728,$4.69
"Mediterranean Veggie Sandwich on Tomato Basil, Whole",,13.0,67.0,18.0,8.0,6.0,1230.0,10.0,440.0,3.0,0.0,1.0151515151515154,0.15151515151515152,0.7674144037780402,2.3295454545454546,0.2727272727272728,$6.39
"Napa Almond Chicken Salad Sandwich on Country Rustic, Half",,16.0,30.0,14.0,6.0,2.0,340.0,35.0,310.0,2.5,0.0,0.6451612903225806,0.7526881720430108,1.3405948889819856,0.913978494623656,0.3010752688172043,$5.29
"Napa Almond Chicken Salad Sandwich on Country Rustic, Whole",,32.0,60.0,28.0,12.0,5.0,680.0,70.0,630.0,4.5,0.0,0.6349206349206349,0.7407407407407407,1.3193156050298906,0.8994708994708994,0.29629629629629634,$7.19
"Roasted Turkey & Avocado BLT on Country Rustic, Half",,17.0,26.0,21.0,2.0,3.0,590.0,40.0,340.0,3.5,0.0,0.5098039215686275,0.7843137254901961,1.2987012987012987,1.4460784313725492,0.411764705882353,$4.69
"Roasted Turkey & Avocado BLT on Country Rustic, Whole",,35.0,52.0,41.0,4.0,6.0,1180.0,80.0,690.0,7.0,0.0,0.5024154589371981,0.7729468599033816,1.3175230566534917,1.4251207729468602,0.3961352657004831,$6.39
"Roasted Turkey, Apple & Cheddar on Cranberry Walnut Miche, Half",,16.0,31.0,23.0,7.0,3.0,640.0,50.0,360.0,6.0,0.0,0.5740740740740741,0.9259259259259259,1.1544011544011543,1.4814814814814814,0.4259259259259259,$6.59
"Roasted Turkey, Apple & Cheddar on Cranberry Walnut Miche, Whole",,32.0,62.0,47.0,15.0,6.0,1280.0,100.0,710.0,12.0,1.0,0.5821596244131455,0.9389671361502347,1.170660325589903,1.5023474178403755,0.4413145539906103,$8.59
"Steak & Arugula on Sourdough, Half",,9.0,25.0,16.0,4.0,2.0,430.0,45.0,250.0,4.0,0.0,0.6666666666666667,1.2,0.9350649350649348,1.4333333333333331,0.4266666666666667,$5.29
"Steak & Arugula on Sourdough, Whole",,19.0,50.0,32.0,8.0,4.0,870.0,90.0,500.0,8.0,0.0,0.6666666666666667,1.2,0.987012987012987,1.45,0.4266666666666667,0
"Steak & White Cheddar Panini on Artisan Ciabatta, Half",184.0,20.0,43.0,24.0,3.0,2.0,700.0,60.0,460.0,8.0,0.5,0.6231884057971014,0.8695652173913043,1.129305477131564,1.2681159420289856,0.3478260869565217,$6.19
"Steak & White Cheddar Panini on Artisan Ciabatta, Whole",,41.0,86.0,48.0,6.0,5.0,1390.0,125.0,910.0,16.0,1.0,0.63003663003663,0.9157509157509158,1.170258313115456,1.2728937728937728,0.3516483516483517,$8.79
"The Italian on Artisan Ciabatta, Half",,21.0,41.0,20.0,1.0,2.0,1150.0,45.0,440.0,7.0,0.0,0.6212121212121212,0.6818181818181819,1.2396694214876034,2.178030303030303,0.30303030303030304,$5.99
"The Italian on Artisan Ciabatta, Whole",,42.0,82.0,41.0,2.0,4.0,2310.0,95.0,870.0,13.0,0.0,0.6283524904214559,0.7279693486590039,1.2539184952978055,2.21264367816092,0.314176245210728,$8.29
"Tuna Salad Sandwich on Black Pepper Focaccia, Half",,17.0,29.0,14.0,2.0,2.0,680.0,20.0,330.0,2.5,0.0,0.5858585858585859,0.4040404040404041,1.3380558835104288,1.7171717171717171,0.2828282828282829,0
"Tuna Salad Sandwich on Black Pepper Focaccia, Whole",,35.0,58.0,28.0,5.0,4.0,1350.0,45.0,660.0,5.0,0.0,0.5858585858585859,0.4545454545454545,1.3774104683195592,1.7045454545454546,0.2828282828282829,0
"Turkey Sandwich on Whole Grain, Half",,8.0,32.0,18.0,4.0,5.0,590.0,25.0,270.0,1.5,0.0,0.7901234567901235,0.6172839506172839,0.7696007696007696,1.820987654320988,0.4444444444444445,0
"Turkey Sandwich on Whole Grain, Whole",,17.0,65.0,37.0,7.0,9.0,1180.0,55.0,540.0,3.0,0.0,0.8024691358024691,0.6790123456790124,0.8177008177008176,1.820987654320988,0.4567901234567902,0
"BBQ Chicken Flatbread, 1 Flatbread",,18.0,37.0,24.0,7.0,3.0,860.0,75.0,400.0,10.0,0.0,0.6166666666666667,1.25,1.1688311688311688,1.7916666666666667,0.4,$4.99
"BBQ Chicken Flatbread, 2 Flatbreads",,36.0,75.0,48.0,14.0,7.0,1720.0,155.0,810.0,20.0,1.0,0.6172839506172839,1.2757201646090537,1.1544011544011543,1.7695473251028808,0.39506172839506176,$7.59
"Asian Sesame Salad with Chicken, Half",,11.0,13.0,16.0,3.0,2.0,270.0,40.0,200.0,1.5,0.0,0.43333333333333335,1.3333333333333337,1.4285714285714286,1.1250000000000002,0.5333333333333333,$5.69
"Asian Sesame Salad with Chicken, Whole",353.0,21.0,25.0,32.0,5.0,4.0,540.0,80.0,410.0,3.0,0.0,0.4065040650406504,1.3008130081300815,1.3303769401330376,1.0975609756097562,0.5203252032520326,$7.79
"Caesar Salad, Half",,13.0,7.0,5.0,1.0,1.0,300.0,20.0,160.0,3.0,0.0,0.2916666666666667,0.8333333333333334,2.1103896103896105,1.5625,0.20833333333333331,$3.69
"Caesar Salad, Whole",249.0,25.0,14.0,10.0,2.0,2.0,600.0,40.0,320.0,6.0,0.0,0.2916666666666667,0.8333333333333334,2.029220779220779,1.5625,0.20833333333333331,$2.19
"Caesar Salad with Chicken, Half",,14.0,8.0,17.0,1.0,1.0,390.0,60.0,220.0,3.5,0.0,0.24242424242424246,1.818181818181818,1.652892561983471,1.4772727272727273,0.5151515151515151,$5.69
"Caesar Salad with Chicken, Whole",,27.0,17.0,35.0,2.0,2.0,770.0,120.0,450.0,7.0,0.0,0.2518518518518519,1.7777777777777781,1.5584415584415583,1.4259259259259258,0.5185185185185186,$7.79
"Fuji Apple Salad with Chicken, Half",,17.0,18.0,17.0,10.0,3.0,290.0,45.0,280.0,3.5,0.0,0.42857142857142855,1.0714285714285716,1.5769944341372912,0.8630952380952382,0.4047619047619048,$5.99
"Fuji Apple Salad with Chicken, Whole",,35.0,36.0,33.0,20.0,6.0,590.0,95.0,570.0,7.0,0.0,0.4210526315789474,1.1111111111111112,1.5948963317384368,0.8625730994152048,0.3859649122807018,$8.49
"Greek Salad, Half",,18.0,5.0,4.0,2.0,2.0,590.0,10.0,200.0,4.0,0.0,0.16666666666666669,0.33333333333333337,2.3376623376623376,2.458333333333333,0.13333333333333333,$4.59
"Greek Salad, Whole",,36.0,11.0,6.0,4.0,4.0,1190.0,25.0,390.0,8.0,0.0,0.18803418803418806,0.4273504273504273,2.3976023976023977,2.5427350427350426,0.10256410256410256,$6.09
"Green Goddess Cobb Salad with Chicken, Half",,17.0,12.0,21.0,6.0,4.0,360.0,145.0,280.0,4.0,0.0,0.2857142857142857,3.452380952380953,1.5769944341372912,1.0714285714285716,0.5,0
"Green Goddess Cobb Salad with Chicken, Whole",,33.0,24.0,42.0,12.0,7.0,720.0,290.0,550.0,8.0,0.0,0.2909090909090909,3.515151515151515,1.5584415584415583,1.0909090909090908,0.5090909090909091,0
"Modern Greek Salad with Quinoa, Half",,20.0,14.0,6.0,2.0,3.0,440.0,5.0,260.0,3.5,0.0,0.35897435897435903,0.12820512820512822,1.998001998001998,1.4102564102564104,0.15384615384615385,$6.79
"Modern Greek Salad with Quinoa, Whole",,43.0,27.0,12.0,4.0,7.0,870.0,15.0,530.0,7.0,0.0,0.339622641509434,0.18867924528301888,2.1073266356285223,1.3679245283018868,0.1509433962264151,$5.99
"Seasonal Greens Salad, Whole",,11.0,20.0,4.0,13.0,4.0,150.0,0.0,180.0,1.5,0.0,0.7407407407407407,0.0,1.5873015873015872,0.6944444444444445,0.14814814814814814,0
"Southwest Chile Lime Ranch Salad with Chicken, Half",,17.0,28.0,19.0,5.0,5.0,400.0,50.0,330.0,3.5,0.0,0.5656565656565657,1.0101010101010102,1.3380558835104288,1.0101010101010102,0.3838383838383839,0
"Southwest Chile Lime Ranch Salad with Chicken, Whole",,34.0,56.0,38.0,9.0,10.0,800.0,95.0,670.0,7.0,0.0,0.5572139303482587,0.9452736318407958,1.3180849001744523,0.9950248756218903,0.3781094527363185,0
"Spicy Thai Salad with Chicken, Half",,11.0,21.0,21.0,6.0,4.0,380.0,40.0,260.0,1.5,0.0,0.5384615384615385,1.0256410256410258,1.0989010989010992,1.2179487179487178,0.5384615384615385,$6.59
"Spicy Thai Salad with Chicken, Whole",,22.0,41.0,42.0,12.0,8.0,750.0,80.0,510.0,3.0,0.0,0.5359477124183007,1.0457516339869282,1.1204481792717087,1.2254901960784317,0.5490196078431373,$9.29
Lentil Quinoa Broth Bowl with Chicken,,9.0,45.0,32.0,5.0,9.0,1330.0,65.0,380.0,1.5,0.0,0.7894736842105263,1.1403508771929824,0.6151742993848257,2.916666666666667,0.5614035087719298,$8.69
Lentil Quinoa Broth Bowl wtih Cage-Free Egg,,12.0,44.0,16.0,5.0,9.0,1240.0,185.0,340.0,2.5,0.0,0.8627450980392158,3.627450980392157,0.9167303284950344,3.0392156862745097,0.3137254901960784,$11.18
Soba Noodle Bowl with Chicken,,9.0,46.0,30.0,4.0,4.0,1190.0,65.0,380.0,1.5,0.0,0.8070175438596492,1.1403508771929824,0.6151742993848257,2.609649122807018,0.5263157894736842,$11.68
Soba Noodle Bowl with Edamame Blend,,11.0,50.0,13.0,6.0,7.0,1350.0,0.0,350.0,1.0,0.0,0.9523809523809524,0.0,0.8163265306122449,3.2142857142857144,0.24761904761904766,$8.19
Vegan Lentil Quinoa Broth Bowl,,7.0,43.0,10.0,5.0,9.0,1180.0,0.0,270.0,1.0,0.0,1.0617283950617284,0.0,0.6734006734006733,3.641975308641976,0.2469135802469136,$2.49
"Bacon Mac & Cheese, Bread Bowl",,41.0,164.0,48.0,9.0,6.0,2470.0,95.0,1220.0,20.0,1.0,0.8961748633879781,0.5191256830601093,0.8728975942090695,1.6871584699453557,0.26229508196721313,$1.25
"Bacon Mac & Cheese, Large",,73.0,67.0,43.0,16.0,2.0,2620.0,190.0,1100.0,39.0,1.5,0.4060606060606061,1.1515151515151516,1.7237308146399055,1.9848484848484849,0.2606060606060606,0
"Bacon Mac & Cheese, Small",,37.0,34.0,22.0,8.0,1.0,1310.0,95.0,550.0,19.0,1.0,0.41212121212121217,1.1515151515151516,1.7473435655253835,1.9848484848484849,0.26666666666666666,$2.99
"Baja Mac & Cheese, Bread Bowl",,39.0,169.0,44.0,10.0,8.0,2320.0,155.0,1200.0,18.0,1.0,0.9388888888888891,0.8611111111111113,0.8441558441558442,1.6111111111111112,0.2444444444444445,$13.99
"Baja Mac & Cheese, Large",,70.0,77.0,35.0,19.0,8.0,2320.0,80.0,1070.0,36.0,1.5,0.4797507788161994,0.4984423676012461,1.699235344095157,1.806853582554517,0.2180685358255452,$4.74
"Baja Mac & Cheese, Small",,35.0,39.0,18.0,9.0,4.0,1160.0,155.0,530.0,18.0,1.0,0.490566037735849,1.949685534591195,1.7152658662092624,1.8238993710691824,0.22641509433962265,$4.99
"BBQ Chicken Mac & Cheese, Bread Bowl",,38.0,172.0,50.0,14.0,6.0,2550.0,100.0,1230.0,18.0,1.0,0.9322493224932248,0.5420054200542006,0.8024495829373879,1.7276422764227644,0.2710027100271003,$5.99
"BBQ Chicken Mac & Cheese, Large",,68.0,84.0,47.0,27.0,3.0,2790.0,200.0,1130.0,36.0,1.5,0.4955752212389381,1.1799410029498525,1.563038731180324,2.057522123893805,0.27728613569321536,$4.74
"BBQ Chicken Mac & Cheese, Small",,34.0,42.0,23.0,14.0,2.0,1390.0,100.0,570.0,18.0,1.0,0.4912280701754386,1.1695906432748535,1.5493278651173388,2.0321637426900585,0.2690058479532164,0
Chicken Tortellini Alfredo,,39.0,68.0,31.0,2.0,3.0,1690.0,135.0,750.0,21.0,1.0,0.6044444444444446,1.2,1.3506493506493509,1.8777777777777782,0.27555555555555555,$6.19
"Mac & Cheese, Bread Bowl",,35.0,163.0,43.0,8.0,6.0,2210.0,80.0,1140.0,18.0,1.0,0.953216374269006,0.4678362573099415,0.7974481658692184,1.6154970760233918,0.25146198830409355,$0.50
"Mac & Cheese, Large",437.0,62.0,66.0,33.0,15.0,2.0,2090.0,155.0,950.0,35.0,1.5,0.4631578947368421,1.087719298245614,1.695146958304853,1.8333333333333333,0.23157894736842105,$2.19
"Mac & Cheese, Small",218.0,31.0,33.0,17.0,7.0,1.0,1040.0,80.0,470.0,17.0,1.0,0.4680851063829788,1.1347517730496457,1.713180436584692,1.8439716312056742,0.24113475177304966,$1.99
"Baked Potato Soup, Bowl",,20.0,33.0,9.0,5.0,4.0,1420.0,45.0,330.0,10.0,0.0,0.6666666666666667,0.9090909090909092,1.5741833923652109,3.5858585858585856,0.18181818181818185,$5.29
"Baked Potato Soup, Bread Bowl",,18.0,152.0,33.0,4.0,7.0,2110.0,30.0,890.0,7.0,0.0,1.1385767790262171,0.2247191011235955,0.5253173792499635,1.9756554307116103,0.2471910112359551,$5.29
"Baked Potato Soup, Cup",,13.0,22.0,6.0,3.0,3.0,950.0,30.0,220.0,7.0,0.0,0.6666666666666667,0.9090909090909092,1.5348288075560803,3.5984848484848486,0.18181818181818185,$12.99
"Bistro French Onion Soup, Bowl",,13.0,35.0,12.0,15.0,4.0,1670.0,10.0,310.0,6.0,0.0,0.7526881720430108,0.21505376344086025,1.0892333472978637,4.489247311827957,0.2580645161290323,0
"Bistro French Onion Soup, Bread Bowl",,13.0,151.0,35.0,11.0,7.0,2240.0,5.0,860.0,4.0,0.0,1.1705426356589148,0.03875968992248062,0.3926306251887648,2.170542635658915,0.2713178294573644,0
"Bistro French Onion Soup, Cup",,8.0,21.0,8.0,10.0,2.0,1070.0,5.0,190.0,3.5,0.0,0.7368421052631579,0.17543859649122806,1.0936431989063569,4.692982456140351,0.2807017543859649,$2.59
"Broccoli Cheddar Soup, Bowl",,21.0,30.0,14.0,6.0,6.0,1330.0,55.0,360.0,13.0,1.0,0.5555555555555556,1.0185185185185186,1.5151515151515151,3.0787037037037037,0.2592592592592593,$5.29
"Broccoli Cheddar Soup, Bread Bowl",,18.0,149.0,35.0,5.0,8.0,2000.0,35.0,900.0,8.0,0.5,1.103703703703704,0.2592592592592593,0.5194805194805194,1.8518518518518519,0.2592592592592593,$5.29
"Broccoli Cheddar Soup, Cup",,13.0,19.0,9.0,4.0,4.0,840.0,35.0,230.0,8.0,0.5,0.5507246376811594,1.0144927536231885,1.4680971202710331,3.043478260869565,0.2608695652173913,$12.99
"Cream of Chicken & Wild Rice Soup, Bowl",,16.0,27.0,10.0,2.0,5.0,1390.0,35.0,260.0,7.0,0.5,0.6923076923076924,0.8974358974358975,1.5984015984015985,4.455128205128204,0.25641025641025644,$5.29
"Cream of Chicken & Wild Rice Soup, Bread Bowl",,15.0,148.0,33.0,2.0,8.0,2090.0,25.0,840.0,5.0,0.0,1.1746031746031746,0.1984126984126984,0.463821892393321,2.0734126984126986,0.2619047619047619,$5.29
"Cream of Chicken & Wild Rice Soup, Cup",,10.0,18.0,6.0,1.0,4.0,920.0,25.0,180.0,4.5,0.0,0.6666666666666667,0.9259259259259259,1.4430014430014428,4.25925925925926,0.22222222222222224,$12.99
"Low-Fat Chicken Noodle Soup, Bowl",,5.0,19.0,14.0,2.0,3.0,1400.0,110.0,160.0,1.5,0.0,0.7916666666666666,4.583333333333334,0.8116883116883117,7.291666666666668,0.5833333333333334,$5.29
"Low-Fat Chicken Noodle Soup, Bread Bowl",,8.0,143.0,36.0,2.0,7.0,2090.0,75.0,780.0,1.5,0.0,1.2222222222222219,0.6410256410256411,0.2664002664002664,2.232905982905983,0.3076923076923077,$5.29
"Low-Fat Chicken Noodle Soup, Cup",,3.0,13.0,10.0,1.0,2.0,930.0,75.0,110.0,1.0,0.0,0.7878787878787878,4.545454545454545,0.7083825265643447,7.045454545454546,0.6060606060606061,$12.99
"New England Clam Chowder, Bowl",,39.0,42.0,14.0,6.0,3.0,1040.0,145.0,570.0,24.0,1.5,0.4912280701754386,1.6959064327485385,1.7771701982228298,1.52046783625731,0.16374269005847955,$5.29
"New England Clam Chowder, Bread Bowl",,30.0,157.0,36.0,4.0,7.0,1840.0,95.0,1040.0,16.0,1.0,1.0064102564102564,0.6089743589743589,0.7492507492507493,1.4743589743589745,0.2307692307692308,$5.29
"New England Clam Chowder, Cup",,25.0,27.0,9.0,4.0,2.0,680.0,95.0,370.0,16.0,1.0,0.4864864864864865,1.7117117117117118,1.7550017550017551,1.5315315315315317,0.16216216216216214,$12.99
"Vegetarian Creamy Tomato Soup, Bowl",,13.0,36.0,6.0,16.0,4.0,910.0,50.0,280.0,7.0,0.0,0.8571428571428571,1.1904761904761905,1.2059369202226344,2.708333333333333,0.14285714285714288,$5.29
"Vegetarian Creamy Tomato Soup, Bread Bowl",,13.0,155.0,31.0,11.0,7.0,1790.0,30.0,860.0,5.0,0.0,1.2015503875968991,0.2325581395348837,0.3926306251887648,1.7344961240310082,0.2403100775193799,$5.29
"Vegetarian Creamy Tomato Soup, Cup",,9.0,25.0,4.0,11.0,3.0,630.0,30.0,200.0,4.5,0.0,0.8333333333333334,1.0,1.1688311688311688,2.625,0.13333333333333333,$12.99
Kids Bacon Mac & Cheese,,37.0,34.0,22.0,8.0,1.0,1310.0,95.0,550.0,19.0,1.0,0.41212121212121217,1.1515151515151516,1.7473435655253835,1.9848484848484849,0.26666666666666666,$2.99
Kids Baja Mac & Cheese,,35.0,39.0,18.0,9.0,4.0,1160.0,155.0,530.0,18.0,1.0,0.490566037735849,1.949685534591195,1.7152658662092624,1.8238993710691824,0.22641509433962265,0
Kids Baked Potato Soup,,13.0,22.0,6.0,3.0,3.0,950.0,30.0,220.0,7.0,0.0,0.6666666666666667,0.9090909090909092,1.5348288075560803,3.5984848484848486,0.18181818181818185,$4.29
Kids BBQ Chicken Mac & Cheese,,34.0,42.0,23.0,14.0,2.0,1390.0,100.0,570.0,18.0,1.0,0.4912280701754386,1.1695906432748535,1.5493278651173388,2.0321637426900585,0.2690058479532164,0
Kids Bistro French Onion Soup,,8.0,21.0,8.0,10.0,2.0,1070.0,5.0,190.0,3.5,0.0,0.7368421052631579,0.17543859649122806,1.0936431989063569,4.692982456140351,0.2807017543859649,0
Kids Broccoli Cheddar Soup,,13.0,19.0,9.0,4.0,4.0,840.0,35.0,230.0,8.0,0.5,0.5507246376811594,1.0144927536231885,1.4680971202710331,3.043478260869565,0.2608695652173913,$4.29
Kids Caesar Salad,,13.0,7.0,5.0,1.0,1.0,300.0,20.0,160.0,3.0,0.0,0.2916666666666667,0.8333333333333334,2.1103896103896105,1.5625,0.20833333333333331,$4.59
Kids Cream of Chicken & Wild Rice Soup,,10.0,18.0,6.0,1.0,4.0,920.0,25.0,180.0,4.5,0.0,0.6666666666666667,0.9259259259259259,1.4430014430014428,4.25925925925926,0.22222222222222224,$4.29
Kids Greek Salad,,18.0,7.0,4.0,4.0,2.0,510.0,10.0,200.0,4.0,0.0,0.23333333333333334,0.33333333333333337,2.3376623376623376,2.125,0.13333333333333333,$2.69
Kids Grilled Cheese on Classic White Bread,,18.0,52.0,19.0,5.0,2.0,1090.0,50.0,450.0,10.0,0.5,0.7703703703703704,0.7407407407407407,1.0389610389610389,2.0185185185185186,0.2814814814814815,$7.69
Kids Ham Sandwich on Whole Grain Bread,,9.0,30.0,17.0,3.0,4.0,750.0,40.0,260.0,5.0,0.0,0.7692307692307693,1.0256410256410258,0.8991008991008992,2.4038461538461537,0.435897435897436,$4.29
Kids Low-Fat Chicken Noodle Soup,,3.0,13.0,10.0,1.0,2.0,930.0,75.0,110.0,1.0,0.0,0.7878787878787878,4.545454545454545,0.7083825265643447,7.045454545454546,0.6060606060606061,$4.29
Kids Low-Fat Vegetarian Black Bean Soup,,1.0,27.0,5.0,1.0,12.0,740.0,0.0,90.0,0.0,0.0,2.0,0.0,0.28860028860028863,6.851851851851852,0.3703703703703704,$1.25
Kids Mac & Cheese,,31.0,33.0,17.0,7.0,1.0,1040.0,80.0,470.0,17.0,1.0,0.4680851063829788,1.1347517730496457,1.713180436584692,1.8439716312056742,0.24113475177304966,0
Kids New England Clam Chowder,,25.0,27.0,9.0,4.0,2.0,680.0,95.0,370.0,16.0,1.0,0.4864864864864865,1.7117117117117118,1.7550017550017551,1.5315315315315317,0.16216216216216214,$4.29
Kids Peanut Butter & Jelly on Whole Grain Bread,118.0,16.0,49.0,12.0,19.0,6.0,410.0,0.0,370.0,2.5,0.0,0.882882882882883,0.0,1.1232011232011232,0.9234234234234234,0.21621621621621626,$0.80
Kids Turkey Sandwich on Whole Grain Bread,,9.0,29.0,22.0,2.0,4.0,760.0,45.0,280.0,5.0,0.0,0.6904761904761906,1.0714285714285716,0.8348794063079776,2.2619047619047623,0.5238095238095238,$4.29
Kids Vegetarian Creamy Tomato Soup,,9.0,25.0,4.0,11.0,3.0,630.0,30.0,200.0,4.5,0.0,0.8333333333333334,1.0,1.1688311688311688,2.625,0.13333333333333333,$4.29
"French Baguette, Side Portion",,1.0,36.0,6.0,0.0,1.0,440.0,0.0,180.0,0.0,0.0,1.3333333333333337,0.0,0.14430014430014432,2.0370370370370368,0.22222222222222224,0
Sprouted Whole Grain Roll,,1.0,33.0,6.0,3.0,3.0,360.0,0.0,170.0,0.0,0.0,1.2941176470588236,0.0,0.15278838808250572,1.7647058823529411,0.2352941176470588,$0.99
